"vuln_id","url","package","version_local","severity","grype","osv","vulnix","sum","sortcol","finding_id","evidence_scope","patch_state","resolved_component_count","vuln_id_patch_name_match_count","no_vuln_id_patch_name_match_count","metadata_unavailable_count","package_version_only_count"
"CVE-2026-73283","https://nvd.nist.gov/vuln/detail/CVE-2026-73283","openssh","10.4p1","2.5","1","0","0","1","2026A0000073283","sha256:10c367e54d94d8069e56a6bb43d4746285a7f4768172c0da128e7293605fc6d2","component_expanded","no_component_match","1","0","1","0","0"
"CVE-2026-73282","https://nvd.nist.gov/vuln/detail/CVE-2026-73282","openssh","10.4p1","4.8","1","0","0","1","2026A0000073282","sha256:970e586050d2f11a0ddb2ee9a6d459ee96fc6828dfc344ae99d75800ed112f93","component_expanded","no_component_match","1","0","1","0","0"
"CVE-2026-73281","https://nvd.nist.gov/vuln/detail/CVE-2026-73281","openssh","10.4p1","3.5","1","0","0","1","2026A0000073281","sha256:8fc4a5bb246edf3846af4c2dd55716feddab0511131c9dbb1b6fb973e161caf8","component_expanded","no_component_match","1","0","1","0","0"
"CVE-2026-73078","https://nvd.nist.gov/vuln/detail/CVE-2026-73078","vim","9.2.0541","8.6","1","0","0","1","2026A0000073078","sha256:f5e90ffa52a678bc534878e7abd27f284b9194ca786bc7096581031df0da2871","component_expanded","no_component_match","1","0","1","0","0"
"CVE-2026-73077","https://nvd.nist.gov/vuln/detail/CVE-2026-73077","vim","9.2.0541","8.4","1","0","0","1","2026A0000073077","sha256:6af82294fbdef97a4f3b11e500cbe6b7d727727f178b1ba39a38374f92cfc0a9","component_expanded","no_component_match","1","0","1","0","0"
"CVE-2026-73076","https://nvd.nist.gov/vuln/detail/CVE-2026-73076","vim","9.2.0541","8.4","1","0","0","1","2026A0000073076","sha256:a6136f30dd6668d99be38646aca7315bc9c3085f8ce157c2bb8a8f9b873b564d","component_expanded","no_component_match","1","0","1","0","0"
"CVE-2026-73075","https://nvd.nist.gov/vuln/detail/CVE-2026-73075","vim","9.2.0541","4.6","1","0","0","1","2026A0000073075","sha256:807792e6d35d6058dde3742994e2d38f13f809f5423eb54b874b7eae8301f06d","component_expanded","no_component_match","1","0","1","0","0"
"CVE-2026-73074","https://nvd.nist.gov/vuln/detail/CVE-2026-73074","vim","9.2.0541","7.1","1","0","0","1","2026A0000073074","sha256:ba3337132dcfceaaa61790fae4deb2fc76466d74cc6f4cb899f725e42c322dbd","component_expanded","no_component_match","1","0","1","0","0"
"CVE-2026-73072","https://nvd.nist.gov/vuln/detail/CVE-2026-73072","vim","9.2.0541","8.5","1","0","0","1","2026A0000073072","sha256:038d43eaa332234a9f182f91261380219f9eecb3531133d2a616ac1465db120f","component_expanded","no_component_match","1","0","1","0","0"
"CVE-2026-73071","https://nvd.nist.gov/vuln/detail/CVE-2026-73071","vim","9.2.0541","3.3","1","0","0","1","2026A0000073071","sha256:f26c41dafd4b8b69c8a0edaca2ac7c2e565913ec0fc31225ea803ad1b16a18f3","component_expanded","no_component_match","1","0","1","0","0"
"CVE-2026-73070","https://nvd.nist.gov/vuln/detail/CVE-2026-73070","vim","9.2.0541","6.8","1","0","0","1","2026A0000073070","sha256:2956d6139d0a4c5af164b390905ee8e1f541e1386075af94ed452c7493f42526","component_expanded","no_component_match","1","0","1","0","0"
"CVE-2026-67217","https://nvd.nist.gov/vuln/detail/CVE-2026-67217","cjson","1.7.19","5.3","0","0","1","1","2026A0000067217","sha256:f72d4810b322fc34c618a2ec9f8135732e46bdc8975f04ea1a64e8957b912f45","component_exact","no_component_match","1","0","1","0","0"
"CVE-2026-67216","https://nvd.nist.gov/vuln/detail/CVE-2026-67216","cjson","1.7.19","5.9","0","0","1","1","2026A0000067216","sha256:854a6719ca43d70fe94aea97d4a58e78e8aac3c990687584c73cd1c2c7697afd","component_exact","no_component_match","1","0","1","0","0"
"CVE-2026-67215","https://nvd.nist.gov/vuln/detail/CVE-2026-67215","cjson","1.7.19","7.5","0","0","1","1","2026A0000067215","sha256:c1541e67eec1ac4f0d2928c0989c1bd44b32b660c4943f3873da090edb70aeef","component_exact","no_component_match","1","0","1","0","0"
"CVE-2026-66041","https://nvd.nist.gov/vuln/detail/CVE-2026-66041","ffmpeg","8.1.2","8.8","1","0","1","2","2026A0000066041","sha256:1214db26f8fe2377be1f28d78c4353b84bc3719b4cf40f863c08b6f2711dcba8","component_mixed","no_component_match","1","0","1","0","0"
"CVE-2026-66041","https://nvd.nist.gov/vuln/detail/CVE-2026-66041","ffmpeg","7.1.5","8.8","1","0","1","2","2026A0000066041","sha256:e1012a3212e5299d1d4e64a6ffd3823be8453e794806d31288d5722651160f68","component_mixed","no_component_match","1","0","1","0","0"
"CVE-2026-66040","https://nvd.nist.gov/vuln/detail/CVE-2026-66040","ffmpeg","8.1.2","8.8","1","0","1","2","2026A0000066040","sha256:913a5b37ea2d375538bd240c1ececed350e63a204f1dcb7789051b05b04b1dff","component_mixed","no_component_match","1","0","1","0","0"
"CVE-2026-66040","https://nvd.nist.gov/vuln/detail/CVE-2026-66040","ffmpeg","7.1.5","8.8","1","0","1","2","2026A0000066040","sha256:0e806a8aa24cb4b3ead00288facc81e0c550d3ff6c3069a5e2e8955313757524","component_mixed","no_component_match","1","0","1","0","0"
"CVE-2026-66039","https://nvd.nist.gov/vuln/detail/CVE-2026-66039","ffmpeg","8.1.2","8.8","1","0","1","2","2026A0000066039","sha256:b5d019275ae94a9dbfdcbb712f791c9976c516ddcb0ecc82008a6b951269e5d2","component_mixed","no_component_match","1","0","1","0","0"
"CVE-2026-66039","https://nvd.nist.gov/vuln/detail/CVE-2026-66039","ffmpeg","7.1.5","8.8","1","0","1","2","2026A0000066039","sha256:bcb1238430e5fe7e4767558d51653e16d2c3888c899b8e15d9ffff53eee7b15a","component_mixed","no_component_match","1","0","1","0","0"
"CVE-2026-66038","https://nvd.nist.gov/vuln/detail/CVE-2026-66038","ffmpeg","8.1.2","6.5","1","0","1","2","2026A0000066038","sha256:fa5e08cf683031665eb17ed1b9565dc76a440d6c8f863ff2a5f68a2811b32c23","component_mixed","no_component_match","1","0","1","0","0"
"CVE-2026-66038","https://nvd.nist.gov/vuln/detail/CVE-2026-66038","ffmpeg","7.1.5","6.5","1","0","1","2","2026A0000066038","sha256:a261d02390ce3da80095bc3ae0f23f6d4737d31a7c5d964c25d928e208e01c01","component_mixed","no_component_match","1","0","1","0","0"
"CVE-2026-66037","https://nvd.nist.gov/vuln/detail/CVE-2026-66037","ffmpeg","8.1.2","6.5","1","0","1","2","2026A0000066037","sha256:f293f7195f752bf3920746f7b13bfe21cb99d41c5ba06889df803effffd663d7","component_mixed","no_component_match","1","0","1","0","0"
"CVE-2026-66037","https://nvd.nist.gov/vuln/detail/CVE-2026-66037","ffmpeg","7.1.5","6.5","1","0","1","2","2026A0000066037","sha256:baf8bf1a9bba7bb375a627df4d6ea53c080839cc05dbc13159a4599ef8ae5556","component_mixed","no_component_match","1","0","1","0","0"
"CVE-2026-66036","https://nvd.nist.gov/vuln/detail/CVE-2026-66036","ffmpeg","8.1.2","8.8","1","0","1","2","2026A0000066036","sha256:8c983ae6461418e8b8e143243502c85aa2c9aff8c94793bc863baec0fbb9388d","component_mixed","no_component_match","1","0","1","0","0"
"CVE-2026-66036","https://nvd.nist.gov/vuln/detail/CVE-2026-66036","ffmpeg","7.1.5","8.8","1","0","1","2","2026A0000066036","sha256:26acc3e5c4c7f1506391e1bf71384ebd3678740f07332c6265253c2b7a59e0f5","component_mixed","no_component_match","1","0","1","0","0"
"CVE-2026-66035","https://nvd.nist.gov/vuln/detail/CVE-2026-66035","libssh2","1.11.1","7.5","1","0","1","2","2026A0000066035","sha256:8d2d335e036803ae4a7a0c1e57914a38f620e43231600fa76e0e9d958e702847","component_mixed","no_component_match","2","0","2","0","0"
"CVE-2026-66034","https://nvd.nist.gov/vuln/detail/CVE-2026-66034","libssh2","1.11.1","7.5","1","0","1","2","2026A0000066034","sha256:855fe0d9e6f4b37204739f881dc23228e40b60bbe07f044ab846d8d5d155554d","component_mixed","no_component_match","2","0","2","0","0"
"CVE-2026-66033","https://nvd.nist.gov/vuln/detail/CVE-2026-66033","libssh2","1.11.1","7.5","1","0","1","2","2026A0000066033","sha256:f4701e5271f8ffff96f3e6d3719977a9b7650bfb53ff891c68219106343b03c7","component_mixed","no_component_match","2","0","2","0","0"
"CVE-2026-66032","https://nvd.nist.gov/vuln/detail/CVE-2026-66032","libssh2","1.11.1","8.8","1","0","1","2","2026A0000066032","sha256:433501610e9d9870c325b4bf61982788c88e409df83b5a8298d2b73e7ef21702","component_mixed","no_component_match","2","0","2","0","0"
"CVE-2026-65706","https://nvd.nist.gov/vuln/detail/CVE-2026-65706","ffmpeg","8.1.2","7.8","1","0","1","2","2026A0000065706","sha256:2d5eb10bc8e4aec8ea5191d305a9838ed41c4c62a2a8be7fe5850e2264730300","component_mixed","no_component_match","1","0","1","0","0"
"CVE-2026-65706","https://nvd.nist.gov/vuln/detail/CVE-2026-65706","ffmpeg","7.1.5","7.8","1","0","1","2","2026A0000065706","sha256:5b439a4faee720ffdf1a96df6aa8256cd8aa1ed6945b1ba0e30a5798fa5443c9","component_mixed","no_component_match","1","0","1","0","0"
"CVE-2026-65705","https://nvd.nist.gov/vuln/detail/CVE-2026-65705","ffmpeg","8.1.2","7.8","1","0","1","2","2026A0000065705","sha256:70902eac7e423669f161cf635525c99fae5f215328b4045f65261b56bc3ba832","component_mixed","no_component_match","1","0","1","0","0"
"CVE-2026-65705","https://nvd.nist.gov/vuln/detail/CVE-2026-65705","ffmpeg","7.1.5","7.8","1","0","1","2","2026A0000065705","sha256:3859ee553bda8dfde41a077062585718ab8cf1348456dc08aaae5092e4dc2f5a","component_mixed","no_component_match","1","0","1","0","0"
"CVE-2026-65704","https://nvd.nist.gov/vuln/detail/CVE-2026-65704","ffmpeg","8.1.2","7.8","1","0","1","2","2026A0000065704","sha256:6a94a35beece93be67f222ffda4883be30ddc9a42736c665bf5f909a29c7af97","component_mixed","no_component_match","1","0","1","0","0"
"CVE-2026-65704","https://nvd.nist.gov/vuln/detail/CVE-2026-65704","ffmpeg","7.1.5","7.8","1","0","1","2","2026A0000065704","sha256:e4f009592583f68b007c18f64e74a603e7b74ec5508d725991045f2ae791a359","component_mixed","no_component_match","1","0","1","0","0"
"CVE-2026-65703","https://nvd.nist.gov/vuln/detail/CVE-2026-65703","ffmpeg","8.1.2","7.8","1","0","1","2","2026A0000065703","sha256:e7f14d679849728fed62e4c53000c15e1f4b23a5f51a2b74be140f6e69b74a0e","component_mixed","no_component_match","1","0","1","0","0"
"CVE-2026-65703","https://nvd.nist.gov/vuln/detail/CVE-2026-65703","ffmpeg","7.1.5","7.8","1","0","1","2","2026A0000065703","sha256:eb6657ff375ad294e16818cf29f9fe17321d528cce7d07f599e6c6327e492d78","component_mixed","no_component_match","1","0","1","0","0"
"CVE-2026-64835","https://nvd.nist.gov/vuln/detail/CVE-2026-64835","ffmpeg","8.1.2","8.8","1","0","1","2","2026A0000064835","sha256:61d836dd5f212490d4bb76a7d6549f2ff64d9dd1d157c642e707e7b50fd3702a","component_mixed","no_component_match","1","0","1","0","0"
"CVE-2026-64835","https://nvd.nist.gov/vuln/detail/CVE-2026-64835","ffmpeg","7.1.5","8.8","1","0","1","2","2026A0000064835","sha256:79e6b95593f2579e1a365277665636397c9dea51298a915b181cb22ad7f93d43","component_mixed","no_component_match","1","0","1","0","0"
"CVE-2026-64834","https://nvd.nist.gov/vuln/detail/CVE-2026-64834","ffmpeg","8.1.2","7.5","1","0","1","2","2026A0000064834","sha256:f072a7d5032342e6efa423c20a91f49df536354705fa780117c668f74351beb1","component_mixed","no_component_match","1","0","1","0","0"
"CVE-2026-64834","https://nvd.nist.gov/vuln/detail/CVE-2026-64834","ffmpeg","7.1.5","7.5","1","0","1","2","2026A0000064834","sha256:9dafe148c59dee7e1c9c0e27f0cbd545630112585bcc8fdd95b4872661cfdde6","component_mixed","no_component_match","1","0","1","0","0"
"CVE-2026-64833","https://nvd.nist.gov/vuln/detail/CVE-2026-64833","ffmpeg","8.1.2","7.1","1","0","1","2","2026A0000064833","sha256:173232dc073b0712116a1905e8e277996eb8c887e4e1f0ae0e78acbb3d596a51","component_mixed","no_component_match","1","0","1","0","0"
"CVE-2026-64833","https://nvd.nist.gov/vuln/detail/CVE-2026-64833","ffmpeg","7.1.5","7.1","1","0","1","2","2026A0000064833","sha256:0f39a0801ac3e29be4fa9aecaa639185e261564dc4562d146d67276a5af25c78","component_mixed","no_component_match","1","0","1","0","0"
"CVE-2026-64832","https://nvd.nist.gov/vuln/detail/CVE-2026-64832","ffmpeg","8.1.2","8.8","1","0","1","2","2026A0000064832","sha256:61f98641fdb49761c45b8ff307cedb61499be27ebcbc22e2598445d95515df9d","component_mixed","no_component_match","1","0","1","0","0"
"CVE-2026-64832","https://nvd.nist.gov/vuln/detail/CVE-2026-64832","ffmpeg","7.1.5","8.8","1","0","1","2","2026A0000064832","sha256:c3941fc75f62c05e81049a12f1cb7df6b85294b081c8d589a84402a2157c7b70","component_mixed","no_component_match","1","0","1","0","0"
"CVE-2026-64831","https://nvd.nist.gov/vuln/detail/CVE-2026-64831","ffmpeg","8.1.2","8.8","1","0","1","2","2026A0000064831","sha256:1058b67ce217ccc83ae328100adf78031b3542c20d7f44351610247476ef7211","component_mixed","no_component_match","1","0","1","0","0"
"CVE-2026-64830","https://nvd.nist.gov/vuln/detail/CVE-2026-64830","ffmpeg","8.1.2","8.8","1","0","1","2","2026A0000064830","sha256:9d822cee0f1c8b6f4b527c272ffa4bf0abecf474032925bc586a748141cac941","component_mixed","no_component_match","1","0","1","0","0"
"CVE-2026-64830","https://nvd.nist.gov/vuln/detail/CVE-2026-64830","ffmpeg","7.1.5","8.8","1","0","1","2","2026A0000064830","sha256:5a639880fc6e4bba9404987c2424c38915b32895fae424d08b7f954f9a08f515","component_mixed","no_component_match","1","0","1","0","0"
"CVE-2026-59858","https://nvd.nist.gov/vuln/detail/CVE-2026-59858","vim","9.2.0541_fish-completions","7.8","0","0","1","1","2026A0000059858","sha256:c13e1bc8d03077477ade3db7aa7669874ddff0cc485ece1b3da64729e6ccc258","component_exact","no_component_match","1","0","1","0","0"
"CVE-2026-59858","https://nvd.nist.gov/vuln/detail/CVE-2026-59858","vim","9.2.0541","7.8","1","0","1","2","2026A0000059858","sha256:bee56a82fab6d083dc9309340cf528dd01a2b25bdf77b045ed50cebc8a611c5f","component_mixed","no_component_match","1","0","1","0","0"
"CVE-2026-59857","https://nvd.nist.gov/vuln/detail/CVE-2026-59857","vim","9.2.0541_fish-completions","5.5","0","0","1","1","2026A0000059857","sha256:f1066b7375fcced91091c05666f65fc629bfc4cc2228ce6ea821d63db11a98f0","component_exact","no_component_match","1","0","1","0","0"
"CVE-2026-59857","https://nvd.nist.gov/vuln/detail/CVE-2026-59857","vim","9.2.0541","5.5","1","0","1","2","2026A0000059857","sha256:a83ee69de88f4608ea812d6ab15654de9cb47c10320427990e8b36135268b14e","component_mixed","no_component_match","1","0","1","0","0"
"CVE-2026-59856","https://nvd.nist.gov/vuln/detail/CVE-2026-59856","vim","9.2.0541_fish-completions","7.8","0","0","1","1","2026A0000059856","sha256:ab9f3c5107cf90370d0b3ef57ac789ff044859bfb5145aa0c7deb795f6d10da7","component_exact","no_component_match","1","0","1","0","0"
"CVE-2026-59856","https://nvd.nist.gov/vuln/detail/CVE-2026-59856","vim","9.2.0541","7.8","1","0","1","2","2026A0000059856","sha256:6add92ca3fabee15050a0a8ac54a78cc420b087ff475df1ff1125a94e15a7ac7","component_mixed","no_component_match","1","0","1","0","0"
"CVE-2026-59851","https://nvd.nist.gov/vuln/detail/CVE-2026-59851","libssh","0.12.1","8.8","1","0","0","1","2026A0000059851","sha256:fdb2293373f2a5fee775ffe651b195587050ff4fd1bd7409655f18f5d79ce890","component_expanded","no_component_match","2","0","2","0","0"
"CVE-2026-59850","https://nvd.nist.gov/vuln/detail/CVE-2026-59850","libssh","0.12.1","7.5","1","0","0","1","2026A0000059850","sha256:4f03e60a18a7c314216f01951f643795eb84dfb1ad54a78f37a626d37bc866ab","component_expanded","no_component_match","2","0","2","0","0"
"CVE-2026-59849","https://nvd.nist.gov/vuln/detail/CVE-2026-59849","libssh","0.12.1","7.5","1","0","0","1","2026A0000059849","sha256:e8558c04850b48c4fef25519c2aef84f7d1f7bf745752c83aa94931ec8c8e2e7","component_expanded","no_component_match","2","0","2","0","0"
"CVE-2026-59848","https://nvd.nist.gov/vuln/detail/CVE-2026-59848","libssh","0.12.1","5.3","1","0","0","1","2026A0000059848","sha256:f38f285794a7ecce4b7c3c5da83ea88e88684afe43403e449de878885950813c","component_expanded","no_component_match","2","0","2","0","0"
"CVE-2026-59847","https://nvd.nist.gov/vuln/detail/CVE-2026-59847","libssh","0.12.1","7.5","1","0","0","1","2026A0000059847","sha256:c0c4b27a9c9749d8b5535d2cfe0401da8ebfdfcd3b36bf9504a1d82d2f0f8499","component_expanded","no_component_match","2","0","2","0","0"
"CVE-2026-59846","https://nvd.nist.gov/vuln/detail/CVE-2026-59846","libssh","0.12.1","3.9","1","0","0","1","2026A0000059846","sha256:b6522a1094ff8501cce4c68aa1689114a889cdcec5074f782b8d71cb29383a7f","component_expanded","no_component_match","2","0","2","0","0"
"CVE-2026-59845","https://nvd.nist.gov/vuln/detail/CVE-2026-59845","libssh","0.12.1","5.9","1","0","0","1","2026A0000059845","sha256:66a0ff6979c9a69883e547e51c2282c5f1413ac49e32eb0beafe47c269bbf344","component_expanded","no_component_match","2","0","2","0","0"
"CVE-2026-59844","https://nvd.nist.gov/vuln/detail/CVE-2026-59844","libssh","0.12.1","6.5","1","0","0","1","2026A0000059844","sha256:a621e2d077fedbf41849d126897cca98ab811603ba88c322a10cb44e83300a4a","component_expanded","no_component_match","2","0","2","0","0"
"CVE-2026-59843","https://nvd.nist.gov/vuln/detail/CVE-2026-59843","libssh","0.12.1","6.5","1","0","0","1","2026A0000059843","sha256:efe29593b208f42dd28deb4fa897b2d94268865d5135cc7fa08768e28252b145","component_expanded","no_component_match","2","0","2","0","0"
"CVE-2026-59842","https://nvd.nist.gov/vuln/detail/CVE-2026-59842","libssh","0.12.1","5.3","1","0","0","1","2026A0000059842","sha256:4a068c27d01a8b2aa991354de2dfb48256c5d9b2d3a48c6333e1d4ac50713e9e","component_expanded","no_component_match","2","0","2","0","0"
"CVE-2026-58055","https://nvd.nist.gov/vuln/detail/CVE-2026-58055","nghttp2","1.69.0","5.4","1","0","1","2","2026A0000058055","sha256:90082b739921984dd6a1837f44e73d24e28c06454df4c351823cadf0b7d2ba61","component_mixed","no_component_match","2","0","2","0","0"
"CVE-2026-57456","https://nvd.nist.gov/vuln/detail/CVE-2026-57456","vim","9.2.0541_fish-completions","7.8","0","0","1","1","2026A0000057456","sha256:b84ed09ccde67e3a6e4f14655b1caa86dff6b005254a29e04282d7dd39c0bacb","component_exact","no_component_match","1","0","1","0","0"
"CVE-2026-57456","https://nvd.nist.gov/vuln/detail/CVE-2026-57456","vim","9.2.0541","7.8","1","0","1","2","2026A0000057456","sha256:fcc09de82d4a60d90faaf661d1936eb4a0c19bafe3eb4e860956e3468ecae838","component_mixed","no_component_match","1","0","1","0","0"
"CVE-2026-57455","https://nvd.nist.gov/vuln/detail/CVE-2026-57455","vim","9.2.0541_fish-completions","7.8","0","0","1","1","2026A0000057455","sha256:ea8df5e0fa62f3ad51c712159943e94f9e6d6115d14950f2bd28c2fb6e508f3c","component_exact","no_component_match","1","0","1","0","0"
"CVE-2026-57455","https://nvd.nist.gov/vuln/detail/CVE-2026-57455","vim","9.2.0541","7.8","1","0","1","2","2026A0000057455","sha256:c2c32007ad784d0c26d0b71544d151dcb028074fb4160c7cacdcb62af2ef8a1e","component_mixed","no_component_match","1","0","1","0","0"
"CVE-2026-57454","https://nvd.nist.gov/vuln/detail/CVE-2026-57454","vim","9.2.0541_fish-completions","6.1","0","0","1","1","2026A0000057454","sha256:033d451ed20d391695cd4d4b0260f1898abf82a653ed2a80a64d713885d30f65","component_exact","no_component_match","1","0","1","0","0"
"CVE-2026-57454","https://nvd.nist.gov/vuln/detail/CVE-2026-57454","vim","9.2.0541","6.1","1","0","1","2","2026A0000057454","sha256:51dff05861f466b600a1eace628f39222a999a5cfef4346137da34ef53951e0f","component_mixed","no_component_match","1","0","1","0","0"
"CVE-2026-57453","https://nvd.nist.gov/vuln/detail/CVE-2026-57453","vim","9.2.0541_fish-completions","6.5","0","0","1","1","2026A0000057453","sha256:d5ccadfd200ab3dbaeac74a2094ff59b18582b6e8a001d17f4e4cc9940526fc2","component_exact","no_component_match","1","0","1","0","0"
"CVE-2026-57453","https://nvd.nist.gov/vuln/detail/CVE-2026-57453","vim","9.2.0541","6.5","1","0","1","2","2026A0000057453","sha256:02dc1f54f064e435605d1483bbde2e8833770bc5929c39a0f28f8d7e6737bad1","component_mixed","no_component_match","1","0","1","0","0"
"CVE-2026-57452","https://nvd.nist.gov/vuln/detail/CVE-2026-57452","vim","9.2.0541_fish-completions","5.5","0","0","1","1","2026A0000057452","sha256:8fe82ab1aea4ae566fd08e14595d52cc048cb820fe4cd5e4590dad6690d02faf","component_exact","no_component_match","1","0","1","0","0"
"CVE-2026-57452","https://nvd.nist.gov/vuln/detail/CVE-2026-57452","vim","9.2.0541","5.5","1","0","1","2","2026A0000057452","sha256:465c909e2eec3a54f6f966f2166ea86f0e0f01e8f2b644fdff1c4ad69d989f03","component_mixed","no_component_match","1","0","1","0","0"
"CVE-2026-57451","https://nvd.nist.gov/vuln/detail/CVE-2026-57451","vim","9.2.0541_fish-completions","5.3","0","0","1","1","2026A0000057451","sha256:bfeec6b381897923ec861a8a3a0b2aee6330161a5795d39b6d55175750014a54","component_exact","no_component_match","1","0","1","0","0"
"CVE-2026-57451","https://nvd.nist.gov/vuln/detail/CVE-2026-57451","vim","9.2.0541","5.3","1","0","1","2","2026A0000057451","sha256:a590004f92a19d82cb7140de0a008efc4b8a6e580abf4a84529b8d2dd9ab783e","component_mixed","no_component_match","1","0","1","0","0"
"CVE-2026-57432","https://nvd.nist.gov/vuln/detail/CVE-2026-57432","perl","5.42.0-env","8.4","0","0","1","1","2026A0000057432","sha256:a40e4a54487cf7eab5bb0166f0a0630ab8b8ca13af57ad8989b1a0e950cefd56","component_exact","no_component_match","1","0","1","0","0"
"CVE-2026-57432","https://nvd.nist.gov/vuln/detail/CVE-2026-57432","perl","5.42.0","8.4","1","0","1","2","2026A0000057432","sha256:d0d82c036b24ec728391779216b3d531fd9823772f51ddd2c32180ed4a755466","component_mixed","no_component_match","2","0","2","0","0"
"CVE-2026-56289","https://nvd.nist.gov/vuln/detail/CVE-2026-56289","patch","2.8_fish-completions","5.5","0","0","1","1","2026A0000056289","sha256:a2ece69157cb90184394cf4fecebac8c8de4795a3731b1ce39698ca672e692de","component_exact","no_component_match","1","0","1","0","0"
"CVE-2026-56289","https://nvd.nist.gov/vuln/detail/CVE-2026-56289","patch","2.8","5.5","0","0","1","1","2026A0000056289","sha256:69dac3084e63386bd52a77fa1cfb339d2d74343a86aaa94499a44a2e4dd48ca6","component_exact","no_component_match","1","0","1","0","0"
"CVE-2026-56288","https://nvd.nist.gov/vuln/detail/CVE-2026-56288","patch","2.8_fish-completions","5.5","0","0","1","1","2026A0000056288","sha256:4efaf44cc3ddade39f63c17597fcb452d36fb25631fe24406bb1e5f37d2a003b","component_exact","no_component_match","1","0","1","0","0"
"CVE-2026-56288","https://nvd.nist.gov/vuln/detail/CVE-2026-56288","patch","2.8","5.5","0","0","1","1","2026A0000056288","sha256:dda8e6c5dd7f3e76988c448a9bd57666e7f799497650a147a42f36c62a4fed1e","component_exact","no_component_match","1","0","1","0","0"
"CVE-2026-56117","https://nvd.nist.gov/vuln/detail/CVE-2026-56117","dhcpcd","10.3.1","4.7","0","0","1","1","2026A0000056117","sha256:4303a6596b6f31990172ab10e6992b1a01459f5dc29b0f1011d44db801a90a2b","component_exact","no_component_match","1","0","1","0","0"
"CVE-2026-56116","https://nvd.nist.gov/vuln/detail/CVE-2026-56116","dhcpcd","10.3.1","6.5","0","0","1","1","2026A0000056116","sha256:bbf1ab139b7daeb782f6e6c45325982fad6c2c326c4f4eca93eaed788a80519e","component_exact","no_component_match","1","0","1","0","0"
"CVE-2026-56114","https://nvd.nist.gov/vuln/detail/CVE-2026-56114","dhcpcd","10.3.1","5.3","0","0","1","1","2026A0000056114","sha256:06eb949d44f134c640676cb0f1bb406ce2f2ac31a54d05ae2f621667301b09f1","component_exact","no_component_match","1","0","1","0","0"
"CVE-2026-56113","https://nvd.nist.gov/vuln/detail/CVE-2026-56113","dhcpcd","10.3.1","5.3","0","0","1","1","2026A0000056113","sha256:9af86e32b212f535bb4a8107fa4d4748507132c16bdaed49ab53940c4dbd6b5f","component_exact","no_component_match","1","0","1","0","0"
"CVE-2026-55895","https://nvd.nist.gov/vuln/detail/CVE-2026-55895","vim","9.2.0541_fish-completions","7.8","0","0","1","1","2026A0000055895","sha256:ec152d05f746d0ba321534e972e3218fb7ef98f7040281fc9495ffeee3ae8d6b","component_exact","no_component_match","1","0","1","0","0"
"CVE-2026-55895","https://nvd.nist.gov/vuln/detail/CVE-2026-55895","vim","9.2.0541","7.8","1","0","1","2","2026A0000055895","sha256:ad083f4d9002f7b514bee29eeff3de19e9ca6d2edc592b1f9d798c8f326719ed","component_mixed","no_component_match","1","0","1","0","0"
"CVE-2026-55892","https://nvd.nist.gov/vuln/detail/CVE-2026-55892","vim","9.2.0541_fish-completions","5.5","0","0","1","1","2026A0000055892","sha256:71842162f39524bcf104e7af0c01165110337181bd212d3ea67d68cf8b020126","component_exact","no_component_match","1","0","1","0","0"
"CVE-2026-55892","https://nvd.nist.gov/vuln/detail/CVE-2026-55892","vim","9.2.0541","5.5","1","0","1","2","2026A0000055892","sha256:8034b0317a499c8a0be4e7152596a8713cbae847741dbe57dd5ea1c73681aacf","component_mixed","no_component_match","1","0","1","0","0"
"CVE-2026-55693","https://nvd.nist.gov/vuln/detail/CVE-2026-55693","vim","9.2.0541_fish-completions","7.8","0","0","1","1","2026A0000055693","sha256:144f1e8f6be32e9347ae4d2f388945b63559a015f6ed46504617b3734f6dbade","component_exact","no_component_match","1","0","1","0","0"
"CVE-2026-55693","https://nvd.nist.gov/vuln/detail/CVE-2026-55693","vim","9.2.0541","7.8","1","0","1","2","2026A0000055693","sha256:15e861598693f88095d640557fcae160d21c25e5723b3fc5dd286e4564083089","component_mixed","no_component_match","1","0","1","0","0"
"CVE-2026-55655","https://nvd.nist.gov/vuln/detail/CVE-2026-55655","openssh","10.4p1","6.1","1","0","0","1","2026A0000055655","sha256:a9c7aeabd466ec7626d9de7a81cb00a3a2a01903ac827d40bd6c6560399ac124","component_expanded","no_component_match","1","0","1","0","0"
"CVE-2026-55654","https://nvd.nist.gov/vuln/detail/CVE-2026-55654","openssh","10.4p1","3.7","1","0","0","1","2026A0000055654","sha256:1bbbecedf29b1a2f986c3a98c739a144d11435d74a1d6b3060a62c4e82df05e7","component_expanded","no_component_match","1","0","1","0","0"
"CVE-2026-55653","https://nvd.nist.gov/vuln/detail/CVE-2026-55653","openssh","10.4p1","6.5","1","0","0","1","2026A0000055653","sha256:c7d8545617b8af0b359b22619152df8022c424fbfe6d434b50bc078f2879e003","component_expanded","no_component_match","1","0","1","0","0"
"CVE-2026-54876","https://nvd.nist.gov/vuln/detail/CVE-2026-54876","openssl","3.6.3","7.5","1","0","0","1","2026A0000054876","sha256:d3b8aafae19c1f37fda12992c288551390754e9afa95b661b413fc5774a147e9","component_expanded","no_component_match","2","0","2","0","0"
"CVE-2026-53433","https://nvd.nist.gov/vuln/detail/CVE-2026-53433","fzf","0.72.0-fish-completions","7.5","0","0","1","1","2026A0000053433","sha256:45be06034d5be1a284c9a4e9159209e8ce0134579dfeeeea65fabab8ccc6e7da","component_exact","no_component_match","1","0","1","0","0"
"CVE-2026-53433","https://nvd.nist.gov/vuln/detail/CVE-2026-53433","fzf","0.72.0","7.5","1","0","1","2","2026A0000053433","sha256:88686a967337ef82c7362f8382565353ae17c7361f3b23d650d6715c564d96cb","component_mixed","no_component_match","1","0","1","0","0"
"CVE-2026-53432","https://nvd.nist.gov/vuln/detail/CVE-2026-53432","fzf","0.72.0-fish-completions","7.5","0","0","1","1","2026A0000053432","sha256:2e994a85f973af86f24978c3a154f8db426824c90e0bcef38893cfea19b8851e","component_exact","no_component_match","1","0","1","0","0"
"CVE-2026-53432","https://nvd.nist.gov/vuln/detail/CVE-2026-53432","fzf","0.72.0","7.5","1","0","1","2","2026A0000053432","sha256:5fd7e32954eba533b82ef00cbddc6d4e52fa89be8afe0718776daee2cbde5b36","component_mixed","no_component_match","1","0","1","0","0"
"CVE-2026-52860","https://nvd.nist.gov/vuln/detail/CVE-2026-52860","vim","9.2.0541_fish-completions","7.8","0","0","1","1","2026A0000052860","sha256:7097b7e725a33f601b2c768b838b203c658040be1030d73fad6f6d63f622939a","component_exact","no_component_match","1","0","1","0","0"
"CVE-2026-52860","https://nvd.nist.gov/vuln/detail/CVE-2026-52860","vim","9.2.0541","7.8","1","0","1","2","2026A0000052860","sha256:95f52853620e459e1950d06bd379e485e3ad83cd61df986c0cef3a74b64b2637","component_mixed","no_component_match","1","0","1","0","0"
"CVE-2026-52859","https://nvd.nist.gov/vuln/detail/CVE-2026-52859","vim","9.2.0541_fish-completions","8.2","0","0","1","1","2026A0000052859","sha256:87cdc8f667b4d0b122925b1e90f16aa863402f9062e63f5adf1b2c5b4c99e377","component_exact","no_component_match","1","0","1","0","0"
"CVE-2026-52859","https://nvd.nist.gov/vuln/detail/CVE-2026-52859","vim","9.2.0541","8.2","1","0","1","2","2026A0000052859","sha256:11098a55a48bc3ebf1a30b6c6bfdd621cb2382b32157f9b9e030cf65de53f5f2","component_mixed","no_component_match","1","0","1","0","0"
"CVE-2026-52858","https://nvd.nist.gov/vuln/detail/CVE-2026-52858","vim","9.2.0541_fish-completions","7.8","0","0","1","1","2026A0000052858","sha256:bf187ca0958aca6143fdad78b6bcb49fc67b547aac3b2ed18eaa9c259f5aac59","component_exact","no_component_match","1","0","1","0","0"
"CVE-2026-52858","https://nvd.nist.gov/vuln/detail/CVE-2026-52858","vim","9.2.0541","7.8","1","0","1","2","2026A0000052858","sha256:2d13022e2c9b19ae02e4e0f944f6ca76f34237381bc695ba76c7fa540cab06da","component_mixed","no_component_match","1","0","1","0","0"
"CVE-2026-47104","https://nvd.nist.gov/vuln/detail/CVE-2026-47104","libusb","1.0.29","4.0","1","0","1","2","2026A0000047104","sha256:2b4d178d2b4bef69587de11dfc1241b2a83d3529d94491015dd4f1620f06e2fa","component_mixed","no_component_match","2","0","2","0","0"
"CVE-2026-46470","https://nvd.nist.gov/vuln/detail/CVE-2026-46470","gst-plugins-good","1.26.11","4.0","1","0","1","2","2026A0000046470","sha256:21e2d4e97b649f2459530e51fa1fb0510fbd55ffbdb514258a5f686837c9d0fe","component_mixed","no_component_match","1","0","1","0","0"
"CVE-2026-46469","https://nvd.nist.gov/vuln/detail/CVE-2026-46469","gst-plugins-good","1.26.11","4.0","1","0","1","2","2026A0000046469","sha256:3bac142e808aae55a28a11e6d06a4c53479b9df141f6d24bead9be4e719b31e4","component_mixed","no_component_match","1","0","1","0","0"
"CVE-2026-45696","https://nvd.nist.gov/vuln/detail/CVE-2026-45696","openexr","3.4.11","6.5","0","0","1","1","2026A0000045696","sha256:24a0621dffc45b3261e07e29acbafb3d36e60a5556139465c02b58211df54283","component_exact","no_component_match","1","0","1","0","0"
"CVE-2026-44777","https://nvd.nist.gov/vuln/detail/CVE-2026-44777","jq","1.8.2","5.5","0","0","1","1","2026A0000044777","sha256:4cf36a7ef19be6c56d5212e8efe7d118ce17fb54ae6e711dcf5ff089856a3aec","component_exact","no_component_match","2","0","2","0","0"
"CVE-2026-44663","https://nvd.nist.gov/vuln/detail/CVE-2026-44663","openexr","3.4.11","6.1","0","0","1","1","2026A0000044663","sha256:bc99d314bcbc4094994c10328c3bb9c15738af2b2f7740310c56abd5b0670404","component_exact","no_component_match","1","0","1","0","0"
"CVE-2026-42010","https://nvd.nist.gov/vuln/detail/CVE-2026-42010","gnutls","3.8.13","9.8","1","0","0","1","2026A0000042010","sha256:8a1e1c736fedb507d8ab90292fd984aed57820f4f9da120b7e28703f199021fb","component_expanded","no_component_match","2","0","2","0","0"
"CVE-2026-42009","https://nvd.nist.gov/vuln/detail/CVE-2026-42009","gnutls","3.8.13","7.5","1","0","0","1","2026A0000042009","sha256:dd7d30813992393d4a7a760f9bfdc23aa286c337bf05e002f49ce9bdc4600a26","component_expanded","no_component_match","2","0","2","0","0"
"CVE-2026-41682","https://nvd.nist.gov/vuln/detail/CVE-2026-41682","libupnp","1.14.25","6.9","1","0","0","1","2026A0000041682","sha256:7666ba703225382ba01344f55c27d4b210b209f4a4bc59cfad70d0a783116baa","component_expanded","no_component_match","1","0","1","0","0"
"CVE-2026-40962","https://nvd.nist.gov/vuln/detail/CVE-2026-40962","ffmpeg","7.1.5","4.9","1","0","1","2","2026A0000040962","sha256:e048cf03281d584c900fdf5bc0f746c93b6907617d8472b58ba9e689b415e18f","component_mixed","no_component_match","1","0","1","0","0"
"CVE-2026-39979","https://nvd.nist.gov/vuln/detail/CVE-2026-39979","jq","1.8.2","6.5","0","0","1","1","2026A0000039979","sha256:fcf8156aa43b7b37de7e52ae43dec149bb00dcb0383a8a6ca8f408d9b24c2613","component_exact","no_component_match","2","0","2","0","0"
"CVE-2026-37555","https://nvd.nist.gov/vuln/detail/CVE-2026-37555","libsndfile","1.2.2","7.5","0","0","1","1","2026A0000037555","sha256:552a3a15304a43aba44bafdf21b135c4921643343258826b2056bbd7f2625777","component_exact","no_component_match","1","0","1","0","0"
"CVE-2026-35094","https://nvd.nist.gov/vuln/detail/CVE-2026-35094","libinput","1.31.3","5.5","1","0","0","1","2026A0000035094","sha256:b643d7e3ebd68e6725119d927775e3a3d9b96bbc02d8493ce4ce4c01a393a9dd","component_expanded","no_component_match","1","0","1","0","0"
"CVE-2026-34757","https://nvd.nist.gov/vuln/detail/CVE-2026-34757","libpng","1.2.59","5.1","1","0","1","2","2026A0000034757","sha256:0f723f385334b79f5cf5d0263db0d6e5ff7267559635dd36aebe284cf7b3fcfb","component_mixed","no_component_match","1","0","1","0","0"
"CVE-2026-33948","https://nvd.nist.gov/vuln/detail/CVE-2026-33948","jq","1.8.2","5.3","0","0","1","1","2026A0000033948","sha256:70bb40c169ead83d20798bbd6b00bb01b1961a2670a6d9c8d6d1b69c92a83929","component_exact","no_component_match","2","0","2","0","0"
"CVE-2026-33845","https://nvd.nist.gov/vuln/detail/CVE-2026-33845","gnutls","3.8.13","9.1","1","0","0","1","2026A0000033845","sha256:4ede1ac45e66f16e6389a12c257767db7ebb3851fc7639b45f1734fb6d4eef4a","component_expanded","no_component_match","2","0","2","0","0"
"CVE-2026-33416","https://nvd.nist.gov/vuln/detail/CVE-2026-33416","libpng","1.2.59","7.5","1","0","1","2","2026A0000033416","sha256:52bd8a98f4d4ebb23ef2d6283338956982bf1a48d8b35d579f283b4068e0b5b1","component_mixed","no_component_match","1","0","1","0","0"
"CVE-2026-30999","https://nvd.nist.gov/vuln/detail/CVE-2026-30999","ffmpeg","7.1.5","7.5","1","0","1","2","2026A0000030999","sha256:1a54be38cc0db2c16b4a885f0c6448e348ad87e76c7833cddecaf736f0e4962b","component_mixed","no_component_match","1","0","1","0","0"
"CVE-2026-30998","https://nvd.nist.gov/vuln/detail/CVE-2026-30998","ffmpeg","7.1.5","7.5","1","0","1","2","2026A0000030998","sha256:a4812f696f1889b5b985189c7c2e328c68ba228aa059c4edef055a3d11f884f4","component_mixed","no_component_match","1","0","1","0","0"
"CVE-2026-30997","https://nvd.nist.gov/vuln/detail/CVE-2026-30997","ffmpeg","7.1.5","7.5","1","0","1","2","2026A0000030997","sha256:21f1baf58ff3d7de62b34b3638029daf0788bdc99821de6398590b4654c91c79","component_mixed","no_component_match","1","0","1","0","0"
"CVE-2026-28407","https://nvd.nist.gov/vuln/detail/CVE-2026-28407","malcontent","0.13.1","5.3","0","0","1","1","2026A0000028407","sha256:84aa70b8fbd081b59a73706b2633140d5128973fbe66bae5d7205ac0116e41c0","component_exact","no_component_match","1","0","1","0","0"
"CVE-2026-27820","https://nvd.nist.gov/vuln/detail/CVE-2026-27820","zlib","1.3.2","9.8","0","0","1","1","2026A0000027820","sha256:cba582fbeb69847d787eeba207ad10291b124671502e37d2651599e21b05426c","component_exact","no_component_match","1","0","1","0","0"
"CVE-2026-26740","https://nvd.nist.gov/vuln/detail/CVE-2026-26740","giflib","5.2.2","8.2","1","0","1","2","2026A0000026740","sha256:b359b1cd53af8e8bae84d9efc94826ed229182bd52d1afe17975d22c54d0f4be","component_mixed","no_component_match","2","0","2","0","0"
"CVE-2026-25646","https://nvd.nist.gov/vuln/detail/CVE-2026-25646","libpng","1.2.59","8.1","1","0","1","2","2026A0000025646","sha256:8ba7172fbaf876d3f58c79f4f032831c334446d5b65eee9d01833a3fbb87a52f","component_mixed","no_component_match","1","0","1","0","0"
"CVE-2026-24845","https://nvd.nist.gov/vuln/detail/CVE-2026-24845","malcontent","0.13.1","6.5","1","0","1","2","2026A0000024845","sha256:8811951a8caddf7f05c7214d8efca3e8a2522c0d5ea312b97f446c69a99a0c10","component_mixed","no_component_match","1","0","1","0","0"
"CVE-2026-24450","https://nvd.nist.gov/vuln/detail/CVE-2026-24450","libraw","0.22.1","8.1","1","0","1","2","2026A0000024450","sha256:55e9edc33f284d5554b497e186c2833f2ca5acaa1c26773f885a8ce2b912979e","component_mixed","no_component_match","1","0","1","0","0"
"CVE-2026-23868","https://nvd.nist.gov/vuln/detail/CVE-2026-23868","giflib","5.2.2","5.1","1","0","1","2","2026A0000023868","sha256:5258694a33aa53974879c9f78f995ce930b81fc4f654e235b8a04a84f83e7a77","component_mixed","no_component_match","2","0","2","0","0"
"CVE-2026-23679","https://nvd.nist.gov/vuln/detail/CVE-2026-23679","libusb","1.0.29","6.2","1","0","1","2","2026A0000023679","sha256:6cd5d15001ea7ddce2f69acf1ec188c481e24db8784001d8b4e59ca65191cb7d","component_mixed","no_component_match","2","0","2","0","0"
"CVE-2026-22801","https://nvd.nist.gov/vuln/detail/CVE-2026-22801","libpng","1.2.59","7.8","1","0","0","1","2026A0000022801","sha256:0ac3aadd72cbc66420ae765e95a107ff3c079da7014f93d3b319e38e792339b2","component_expanded","no_component_match","1","0","1","0","0"
"CVE-2026-22695","https://nvd.nist.gov/vuln/detail/CVE-2026-22695","libpng","1.2.59","7.1","1","0","0","1","2026A0000022695","sha256:5e09db2d3d34a971482dead3761b7ab924f70cf3a1704c891ec1a2b18035271a","component_expanded","no_component_match","1","0","1","0","0"
"CVE-2026-21413","https://nvd.nist.gov/vuln/detail/CVE-2026-21413","libraw","0.22.1","9.8","1","0","1","2","2026A0000021413","sha256:a1678f651bafaea975357c139c891634a9c998de50eb758384aee78b159792db","component_mixed","no_component_match","1","0","1","0","0"
"CVE-2026-20911","https://nvd.nist.gov/vuln/detail/CVE-2026-20911","libraw","0.22.1","9.8","1","0","1","2","2026A0000020911","sha256:333b343ebc8391e8d8d4ee62579cf7b7d7e690665710dca7174ae501cde82c95","component_mixed","no_component_match","1","0","1","0","0"
"CVE-2026-20884","https://nvd.nist.gov/vuln/detail/CVE-2026-20884","libraw","0.22.1","8.1","1","0","1","2","2026A0000020884","sha256:f75ecb1f5a2c7e1a89478111597eca9dd780aa88a646c0b1ff7e7aedad05f1cb","component_mixed","no_component_match","1","0","1","0","0"
"CVE-2026-15534","https://nvd.nist.gov/vuln/detail/CVE-2026-15534","perl","5.42.0","5.7","1","0","0","1","2026A0000015534","sha256:44f9bb4fa1b1b8f2c1902a95ce603b9978123783e05c86ea119dab99113d2d40","component_expanded","no_component_match","2","0","2","0","0"
"CVE-2026-15370","https://nvd.nist.gov/vuln/detail/CVE-2026-15370","libssh","0.12.1","7.3","1","0","0","1","2026A0000015370","sha256:8e173fdbc00dd50f699cf829e795f7d81bee32f03d6d80c80e0044e5a00a33f7","component_expanded","no_component_match","2","0","2","0","0"
"CVE-2026-13757","https://nvd.nist.gov/vuln/detail/CVE-2026-13757","p11-kit","0.26.2","6.2","1","0","0","1","2026A0000013757","sha256:9f21d3ad2d885ea9d8644dfa4c8b647d14e3aa3b0fa58fe119c9ea471814c6c7","component_expanded","no_component_match","2","0","2","0","0"
"CVE-2026-13221","https://nvd.nist.gov/vuln/detail/CVE-2026-13221","perl","5.42.0-env","9.1","0","0","1","1","2026A0000013221","sha256:6e14e76e7f8e93168f790931639e11dcd38a27ef7123e47f41488e6720e9bbd6","component_exact","no_component_match","1","0","1","0","0"
"CVE-2026-13221","https://nvd.nist.gov/vuln/detail/CVE-2026-13221","perl","5.42.0","9.1","1","0","1","2","2026A0000013221","sha256:5dcbd556c6a75865805eac7857449d3e00f376ec30cf6cdff29be08b7c0b891e","component_mixed","no_component_match","2","0","2","0","0"
"CVE-2026-12892","https://nvd.nist.gov/vuln/detail/CVE-2026-12892","gstreamer","1.26.11","4.4","1","0","0","1","2026A0000012892","sha256:15c1d225b59be233e28a5f837bf0014047354baaafc90b41adbf6ec8c8c5fd18","component_expanded","no_component_match","2","0","2","0","0"
"CVE-2026-12891","https://nvd.nist.gov/vuln/detail/CVE-2026-12891","gstreamer","1.26.11","4.3","1","0","0","1","2026A0000012891","sha256:eecef18bea31fd4bb66a8d77e4a226838132fd9817b7a6580553eb5182ee7d49","component_expanded","no_component_match","2","0","2","0","0"
"CVE-2026-11824","https://nvd.nist.gov/vuln/detail/CVE-2026-11824","sqlite","3.51.2","7.8","1","0","1","2","2026A0000011824","sha256:6c17060a8cc2019dd796a31105230c6f98cd4923af0f3d0ff4cbcfd63174fb59","component_mixed","no_component_match","2","0","2","0","0"
"CVE-2026-11822","https://nvd.nist.gov/vuln/detail/CVE-2026-11822","sqlite","3.51.2","7.8","1","0","1","2","2026A0000011822","sha256:30e3c1f467de81af6a3eadf78006824f2c32721cb7695155eb32c2325796ca3d","component_mixed","no_component_match","2","0","2","0","0"
"CVE-2026-8461","https://nvd.nist.gov/vuln/detail/CVE-2026-8461","ffmpeg","7.1.5","8.8","1","0","0","1","2026A0000008461","sha256:1ee17d9e7cab6a64cbd72b46f09e5fff038b9db0d88172e3276036d925582a03","component_expanded","no_component_match","1","0","1","0","0"
"CVE-2026-8376","https://nvd.nist.gov/vuln/detail/CVE-2026-8376","perl","5.42.0-env","9.8","0","0","1","1","2026A0000008376","sha256:0d53b634a4d6604de6947cb0d6d6de8401c22eb4dfbf77bd5e4cd9afb379943e","component_exact","no_component_match","1","0","1","0","0"
"CVE-2026-6846","https://nvd.nist.gov/vuln/detail/CVE-2026-6846","binutils","2.46","7.8","1","0","1","2","2026A0000006846","sha256:373978aa3ef346fe2527651d95d85157481e906b19dec655e405b31fb5ee237c","component_mixed","no_component_match","1","0","1","0","0"
"CVE-2026-6845","https://nvd.nist.gov/vuln/detail/CVE-2026-6845","binutils","2.46","5","1","0","0","1","2026A0000006845","sha256:a81c59200e14b8f6266bafd675742fbab4736710a36a9ca1be230d5501eaa990","component_expanded","no_component_match","1","0","1","0","0"
"CVE-2026-6844","https://nvd.nist.gov/vuln/detail/CVE-2026-6844","binutils","2.46","5.5","1","0","0","1","2026A0000006844","sha256:6c483bdfd8f118421e6fed0ef7bbe8227634ac9cd5c2aa0aff1af35e0a3686e3","component_expanded","no_component_match","1","0","1","0","0"
"CVE-2026-6507","https://nvd.nist.gov/vuln/detail/CVE-2026-6507","dnsmasq","2.93","7.5","1","0","0","1","2026A0000006507","sha256:546b055cfda906a681cea093e8cc4e60eea310638f6bba3ee6b9cc380e02b1d8","component_expanded","no_component_match","2","0","2","0","0"
"CVE-2026-6238","https://nvd.nist.gov/vuln/detail/CVE-2026-6238","glibc","2.42-67","6.5","0","0","1","1","2026A0000006238","sha256:b417bada902b752639d0395cba476f562cdb0724c0efec332179b0bbd68720ad","component_exact","no_component_match","1","0","1","0","0"
"CVE-2026-5928","https://nvd.nist.gov/vuln/detail/CVE-2026-5928","glibc","2.42-67","7.5","0","0","1","1","2026A0000005928","sha256:032d10b39dc0304e8f61a05d6e2b7c5e0b95f703166d34f068ec4459e08f1052","component_exact","no_component_match","1","0","1","0","0"
"CVE-2026-5450","https://nvd.nist.gov/vuln/detail/CVE-2026-5450","glibc","2.42-67","9.8","0","0","1","1","2026A0000005450","sha256:8f50c0b67f0c4adc04b17690960a9a36ba3e5f864471f57a26682040af066989","component_exact","no_component_match","1","0","1","0","0"
"CVE-2026-5435","https://nvd.nist.gov/vuln/detail/CVE-2026-5435","glibc","2.42-67","7.3","0","0","1","1","2026A0000005435","sha256:0198494ac676f8c035ce4f955c89d6c2cfa9912e30324d5e07c36dcf2f320eab","component_exact","no_component_match","1","0","1","0","0"
"CVE-2026-5201","https://nvd.nist.gov/vuln/detail/CVE-2026-5201","gdk-pixbuf","2.44.6","7.5","1","0","0","1","2026A0000005201","sha256:8031fd7237e796b2e52c653d2e70490bbe8b9f4b4a5f20c8595204633c4f6704","component_expanded","no_component_match","2","0","2","0","0"
"CVE-2026-4878","https://nvd.nist.gov/vuln/detail/CVE-2026-4878","libcap","2.77","7","1","0","0","1","2026A0000004878","sha256:5bbf9755f3b096c5c742bc752ec053e418e98c1ddd6fb9aed87f657430704322","component_expanded","no_component_match","2","0","2","0","0"
"CVE-2026-4775","https://nvd.nist.gov/vuln/detail/CVE-2026-4775","libtiff","4.7.2","7.8","1","0","0","1","2026A0000004775","sha256:7d1b69f0b1b0125d5fbe8831ea9ad106560322782ec202c1b0e4c9e32414fb7a","component_expanded","no_component_match","2","0","2","0","0"
"CVE-2026-4647","https://nvd.nist.gov/vuln/detail/CVE-2026-4647","binutils","2.46","6.1","1","0","0","1","2026A0000004647","sha256:a3f93862c34513da268a8bf70f882f6869f448d5f8257e5e1ab7eb43a6fa1f21","component_expanded","no_component_match","1","0","1","0","0"
"CVE-2026-4438","https://nvd.nist.gov/vuln/detail/CVE-2026-4438","glibc","2.42-67","5.4","0","0","1","1","2026A0000004438","sha256:e18f3f7cbc33dd43783888c7a49360c13848e6ba089ef3b1e85384e9511e105f","component_exact","no_component_match","1","0","1","0","0"
"CVE-2026-4437","https://nvd.nist.gov/vuln/detail/CVE-2026-4437","glibc","2.42-67","7.5","0","0","1","1","2026A0000004437","sha256:5c2c812fb536b9a236054d3ec845e8e154ebb319919fab47b6f944e0f215bdd1","component_exact","no_component_match","1","0","1","0","0"
"CVE-2026-4176","https://nvd.nist.gov/vuln/detail/CVE-2026-4176","perl","5.42.0-env","9.8","0","0","1","1","2026A0000004176","sha256:6f7e3f1adc09183aaa161f5a24fa3645545f79e1216b3e4d9ae9f4d34d20abd8","component_exact","no_component_match","1","0","1","0","0"
"CVE-2026-4176","https://nvd.nist.gov/vuln/detail/CVE-2026-4176","perl","5.42.0","9.8","1","0","1","2","2026A0000004176","sha256:5134e2580f346b2f695153104bc82974706735d9fd39f962132c876c8ae4cd03","component_mixed","no_component_match","2","0","2","0","0"
"CVE-2026-4046","https://nvd.nist.gov/vuln/detail/CVE-2026-4046","glibc","2.42-67","7.5","0","0","1","1","2026A0000004046","sha256:532f12d0884d91519b91423797d5b8496c38e40a916cda733e39f0227e5baec2","component_exact","no_component_match","1","0","1","0","0"
"CVE-2026-3833","https://nvd.nist.gov/vuln/detail/CVE-2026-3833","gnutls","3.8.13","7.4","1","0","0","1","2026A0000003833","sha256:221a89261bfc72446631b712ae91766316cdf6386012947ecffba8dd42917c32","component_expanded","no_component_match","2","0","2","0","0"
"CVE-2026-3832","https://nvd.nist.gov/vuln/detail/CVE-2026-3832","gnutls","3.8.13","3.7","1","0","0","1","2026A0000003832","sha256:f071d9ee6a8d41f7970c82be11ca8f63963501f3d88dad34dcccf8e313612398","component_expanded","no_component_match","2","0","2","0","0"
"CVE-2026-3497","https://nvd.nist.gov/vuln/detail/CVE-2026-3497","openssh","10.4p1","7.5","1","0","0","1","2026A0000003497","sha256:b49158a155e600f9fb1f5fd162a1d4238a2fb51cef4fe1d85f64e82eeb73198b","component_expanded","no_component_match","1","0","1","0","0"
"CVE-2026-3442","https://nvd.nist.gov/vuln/detail/CVE-2026-3442","binutils","2.46","7.1","1","0","0","1","2026A0000003442","sha256:548e55f152e1d86d2f02b369a02a54756db6057476c23f8d87d0ee18f4a7cf45","component_expanded","no_component_match","1","0","1","0","0"
"CVE-2026-3441","https://nvd.nist.gov/vuln/detail/CVE-2026-3441","binutils","2.46","7.1","1","0","0","1","2026A0000003441","sha256:86c91865d4ef3aff4e6468b70c1d9cd49c98e15ac43d8aaff368166f0696fc55","component_expanded","no_component_match","1","0","1","0","0"
"CVE-2026-3086","https://nvd.nist.gov/vuln/detail/CVE-2026-3086","gstreamer","1.26.11","7.8","1","0","1","2","2026A0000003086","sha256:a269481eb8887af563cc739c839d2536fa5417dbb8a0779c00ac4a258664deb0","component_mixed","no_component_match","2","0","2","0","0"
"CVE-2026-3085","https://nvd.nist.gov/vuln/detail/CVE-2026-3085","gstreamer","1.26.11","8.8","1","0","1","2","2026A0000003085","sha256:6dce09ec0dd4c7e05b11a2fd910d62a94f5a8c98aeffb638a161f268fa0f341b","component_mixed","no_component_match","2","0","2","0","0"
"CVE-2026-3084","https://nvd.nist.gov/vuln/detail/CVE-2026-3084","gstreamer","1.26.11","7.8","1","0","1","2","2026A0000003084","sha256:ac6e2735705aedbfa7b16461c487c783f73103bb6f6703c940b6526cf10ea0f5","component_mixed","no_component_match","2","0","2","0","0"
"CVE-2026-3083","https://nvd.nist.gov/vuln/detail/CVE-2026-3083","gstreamer","1.26.11","8.8","1","0","1","2","2026A0000003083","sha256:cb8dadcb062afa79fa619f15b0f12873c72731870180bec90ecd20de59c77c64","component_mixed","no_component_match","2","0","2","0","0"
"CVE-2026-3082","https://nvd.nist.gov/vuln/detail/CVE-2026-3082","gstreamer","1.26.11","7.8","1","0","1","2","2026A0000003082","sha256:ec7253999116638b7f04c2c352488cd8539f4616a1dc4c12e7e442a1cdbead6f","component_mixed","no_component_match","2","0","2","0","0"
"CVE-2026-3081","https://nvd.nist.gov/vuln/detail/CVE-2026-3081","gstreamer","1.26.11","7.8","1","0","1","2","2026A0000003081","sha256:da8863364a0328d4edaa15dc1396ab7de685f84a64b20118a10563f8b7c1e29c","component_mixed","no_component_match","2","0","2","0","0"
"CVE-2026-2923","https://nvd.nist.gov/vuln/detail/CVE-2026-2923","gstreamer","1.26.11","7.8","1","0","1","2","2026A0000002923","sha256:498763634c863f0d45966b5edcafe66cd92655fb937c4a49ffd1905ccee18b35","component_mixed","no_component_match","2","0","2","0","0"
"CVE-2026-2922","https://nvd.nist.gov/vuln/detail/CVE-2026-2922","gstreamer","1.26.11","7.8","1","0","1","2","2026A0000002922","sha256:318f70a570cfc8ddf2d71a08406294bcec5276dff3e0f1faff83db9a02d5ba7d","component_mixed","no_component_match","2","0","2","0","0"
"CVE-2026-2921","https://nvd.nist.gov/vuln/detail/CVE-2026-2921","gstreamer","1.26.11","7.8","1","0","1","2","2026A0000002921","sha256:50f6163361cde417ffd0664702a2184dc94a3d4d1666f19dd1587b65b6876881","component_mixed","no_component_match","2","0","2","0","0"
"CVE-2026-2920","https://nvd.nist.gov/vuln/detail/CVE-2026-2920","gstreamer","1.26.11","7.8","1","0","1","2","2026A0000002920","sha256:c92a0def15d44b4ab7c9e54ed221a88abe5b68ad43ec0ad22fbc85ad48a790db","component_mixed","no_component_match","2","0","2","0","0"
"CVE-2026-2340","https://nvd.nist.gov/vuln/detail/CVE-2026-2340","samba","4.23.10","6.5","1","0","1","2","2026A0000002340","sha256:a3bc4281116b878ba3b12a6abfda9fe45e921fcc0efa321f46350d44c7ede97a","component_mixed","no_component_match","1","0","1","0","0"
"CVE-2026-2100","https://nvd.nist.gov/vuln/detail/CVE-2026-2100","p11-kit","0.26.2","7.5","1","0","0","1","2026A0000002100","sha256:64af8cfc1736b5e7e87d0ddd1c32f654bbd2d806675817a521d1a2c8eb93c045","component_expanded","no_component_match","2","0","2","0","0"
"CVE-2026-1940","https://nvd.nist.gov/vuln/detail/CVE-2026-1940","gstreamer","1.26.11","5.1","1","0","1","2","2026A0000001940","sha256:32684615e1ac936e0a8a707e793069b8404c99c1cffbdb372fa9b957f831650c","component_mixed","no_component_match","2","0","2","0","0"
"CVE-2026-1584","https://nvd.nist.gov/vuln/detail/CVE-2026-1584","gnutls","3.8.13","7.5","1","0","0","1","2026A0000001584","sha256:39e7df9225db5a7c66285d46f03342bdc388f1cf8abd0802c7db76dc5f63ae10","component_expanded","no_component_match","2","0","2","0","0"
"OSV-2026-987","https://osv.dev/OSV-2026-987","binutils","2.46","","0","1","0","1","2026A0000000987","sha256:06a37125df97484c53818e14b1d9d610a07ec9122f0e66bbca1d8c01b9d36e45","component_exact","no_component_match","1","0","1","0","0"
"OSV-2026-973","https://osv.dev/OSV-2026-973","binutils","2.46","","0","1","0","1","2026A0000000973","sha256:00fe694409cd54e10fb4d590d4c0539f7fe66b5a990cfe0776829b0f48e8c10c","component_exact","no_component_match","1","0","1","0","0"
"OSV-2026-664","https://osv.dev/OSV-2026-664","openexr","3.4.11","","0","1","0","1","2026A0000000664","sha256:dc98f5e8fdaafbce3a383756c4a3659888bd0581c297c00413b7df9255c5ded1","component_exact","no_component_match","1","0","1","0","0"
"OSV-2026-653","https://osv.dev/OSV-2026-653","openexr","3.4.11","","0","1","0","1","2026A0000000653","sha256:1ddb2c24f76d19b883db430226ad2bd58c476b46d55466d330402ddcb5b9a2c4","component_exact","no_component_match","1","0","1","0","0"
"OSV-2026-568","https://osv.dev/OSV-2026-568","libultrahdr","1.4.0","","0","1","0","1","2026A0000000568","sha256:b9684614b4cfad16d92475388e2b4e620103993915c183e7889e6fdfdd65907d","component_exact","no_component_match","1","0","1","0","0"
"OSV-2026-565","https://osv.dev/OSV-2026-565","libxml2","2.15.3","","0","1","0","1","2026A0000000565","sha256:2438b42e6e904618aba83ae1efb95ba1bd48f4b74ed3b3919fbdcd2eee8add78","component_exact","no_component_match","2","0","2","0","0"
"OSV-2026-350","https://osv.dev/OSV-2026-350","binutils","2.46","","0","1","0","1","2026A0000000350","sha256:53ad79bcedeab6c0dfdd24f93d939230fc6597fa55aee3595eee42c74c6f6ee9","component_exact","no_component_match","1","0","1","0","0"
"OSV-2026-203","https://osv.dev/OSV-2026-203","shaderc","2026.1","","0","1","0","1","2026A0000000203","sha256:3e0d16e03759775e2f4780b543def7f817192a197bb89ca53505b2f5e4a7626f","component_exact","no_component_match","1","0","1","0","0"
"OSV-2026-97","https://osv.dev/OSV-2026-97","libvpx","1.16.0","","0","1","0","1","2026A0000000097","sha256:ef73e8dad346ac7d8c421161ba684d78a25c240ae90e06ed36067d8f646e89cc","component_exact","no_component_match","2","0","2","0","0"
"OSV-2026-55","https://osv.dev/OSV-2026-55","libvpx","1.16.0","","0","1","0","1","2026A0000000055","sha256:49ec135386d4fb49891dc779939bbb8a06f514e910f11c6bf7c23295be1ecbb4","component_exact","no_component_match","2","0","2","0","0"
"CVE-2025-69652","https://nvd.nist.gov/vuln/detail/CVE-2025-69652","binutils","2.46","6.2","1","0","1","2","2025A0000069652","sha256:d5dc076c85354a1be5e35eea0545729cd86a46646591a739617f2212f7c2bc73","component_mixed","no_component_match","1","0","1","0","0"
"CVE-2025-69651","https://nvd.nist.gov/vuln/detail/CVE-2025-69651","binutils","2.46","5.5","1","0","1","2","2025A0000069651","sha256:b0aa2edee9eb66bfb0e3216ab308b892943dbe6a9ea8b4a40eecdf3633544c85","component_mixed","no_component_match","1","0","1","0","0"
"CVE-2025-69650","https://nvd.nist.gov/vuln/detail/CVE-2025-69650","binutils","2.46","7.5","1","0","1","2","2025A0000069650","sha256:c93ee38661f441102d1c3171083606c4245eeaf7fc3f7d7ca6eed87c7357b159","component_mixed","no_component_match","1","0","1","0","0"
"CVE-2025-69649","https://nvd.nist.gov/vuln/detail/CVE-2025-69649","binutils","2.46","7.5","1","0","1","2","2025A0000069649","sha256:9e8b8264168aec05aa7c417203cc8189fa1588f049c2832e3626e9cbb34b0f4c","component_mixed","no_component_match","1","0","1","0","0"
"CVE-2025-66293","https://nvd.nist.gov/vuln/detail/CVE-2025-66293","libpng","1.2.59","7.1","0","0","1","1","2025A0000066293","sha256:6d09f3fd97aef2e18fb8758fc3c80dc568be2af5c6f3d4fc14d75ff8899b2911","component_exact","no_component_match","1","0","1","0","0"
"CVE-2025-64505","https://nvd.nist.gov/vuln/detail/CVE-2025-64505","libpng","1.2.59","6.1","1","0","1","2","2025A0000064505","sha256:2fdf99c4a66c9be9dffa901f8e2808452fcc38fb3b1a29467a31a9a5caa1e4d0","component_mixed","no_component_match","1","0","1","0","0"
"CVE-2025-62689","https://nvd.nist.gov/vuln/detail/CVE-2025-62689","libmicrohttpd","1.0.2","7.5","1","0","1","2","2025A0000062689","sha256:e1406ea235b02cc611f84ba8711af2f5f7e7a428c42b3232c2575aaa2d6a126c","component_mixed","no_component_match","2","0","2","0","0"
"CVE-2025-59777","https://nvd.nist.gov/vuln/detail/CVE-2025-59777","libmicrohttpd","1.0.2","7.5","1","0","1","2","2025A0000059777","sha256:a7a1f6fbac5f87797f5db18df71f1f87611780c9b3b1bea6713350503d423538","component_mixed","no_component_match","2","0","2","0","0"
"CVE-2025-59734","https://nvd.nist.gov/vuln/detail/CVE-2025-59734","ffmpeg","7.1.5","8.7","1","0","0","1","2025A0000059734","sha256:3fbd30fbc966b090f22529af7543260642c22cc49f3973f116b63b88d2b54311","component_expanded","no_component_match","1","0","1","0","0"
"CVE-2025-59733","https://nvd.nist.gov/vuln/detail/CVE-2025-59733","ffmpeg","7.1.5","8.7","1","0","0","1","2025A0000059733","sha256:0e1ae6584f89b004a2b165fe1b345bb0d22920cdc949e079b626cbc5d1a3d424","component_expanded","no_component_match","1","0","1","0","0"
"CVE-2025-59732","https://nvd.nist.gov/vuln/detail/CVE-2025-59732","ffmpeg","7.1.5","8.7","1","0","0","1","2025A0000059732","sha256:be775c6a62eda3aab8b6a475119fa4a8ae4e71e02e977d689a08e20ede244eaa","component_expanded","no_component_match","1","0","1","0","0"
"CVE-2025-59731","https://nvd.nist.gov/vuln/detail/CVE-2025-59731","ffmpeg","7.1.5","6.9","1","0","0","1","2025A0000059731","sha256:22aed29be80feaa18cf2f9ce59875fd6f7a1d1455ffedb996bf6cefd82d956e9","component_expanded","no_component_match","1","0","1","0","0"
"CVE-2025-59730","https://nvd.nist.gov/vuln/detail/CVE-2025-59730","ffmpeg","7.1.5","5.7","1","0","0","1","2025A0000059730","sha256:57d04ff92249b4fbeee57d3c371a01478d9af3d4df867d02d010384331577ccc","component_expanded","no_component_match","1","0","1","0","0"
"CVE-2025-59729","https://nvd.nist.gov/vuln/detail/CVE-2025-59729","ffmpeg","7.1.5","5.7","1","0","0","1","2025A0000059729","sha256:4c657008cd48f9ef48884fb00e999c7e9e8eaf00143d4762d8fec8cb789bda9d","component_expanded","no_component_match","1","0","1","0","0"
"CVE-2025-59529","https://nvd.nist.gov/vuln/detail/CVE-2025-59529","avahi","0.8","5.5","1","0","1","2","2025A0000059529","sha256:f6270a4a39355d8a0684cca9903cd2aaa20a132c3a084489c91a75d5c3e0a209","component_mixed","no_component_match","2","0","2","0","0"
"CVE-2025-56226","https://nvd.nist.gov/vuln/detail/CVE-2025-56226","libsndfile","1.2.2","5.3","0","0","1","1","2025A0000056226","sha256:34099f6819bfce79c7c12bbb4049682b53aeded2949bbbab8cd01a9a4d844679","component_exact","no_component_match","1","0","1","0","0"
"CVE-2025-52194","https://nvd.nist.gov/vuln/detail/CVE-2025-52194","libsndfile","1.2.2","7.5","0","0","1","1","2025A0000052194","sha256:587523873ab301e21700c9479e2fe6e475d116c9c408af49609bcd0fedd73186","component_exact","no_component_match","1","0","1","0","0"
"CVE-2025-47436","https://nvd.nist.gov/vuln/detail/CVE-2025-47436","orc","0.4.41","9.8","0","0","1","1","2025A0000047436","sha256:24cf1e5472de9313e4dcbe8152232839d196fed80cf29eec967141a5ef5adf03","component_exact","no_component_match","1","0","1","0","0"
"CVE-2025-46394","https://nvd.nist.gov/vuln/detail/CVE-2025-46394","busybox","1.37.0","3.2","1","0","1","2","2025A0000046394","sha256:a7a89b1da52ae9af548f6447e812ee4688dc1eb60f01907327723a496b1d9dce","component_mixed","no_component_match","1","0","1","0","0"
"CVE-2025-32990","https://nvd.nist.gov/vuln/detail/CVE-2025-32990","gnutls","3.8.13","8.2","1","0","0","1","2025A0000032990","sha256:1c4df606fe7aa40e7b0501bcbc63a93749d261d75af66f147848ffcf00b91049","component_expanded","no_component_match","2","0","2","0","0"
"CVE-2025-32989","https://nvd.nist.gov/vuln/detail/CVE-2025-32989","gnutls","3.8.13","5.3","1","0","0","1","2025A0000032989","sha256:e38f4f2080027de91928e674a70e8fabeb3accb0ab62af926592f4469c807c3f","component_expanded","no_component_match","2","0","2","0","0"
"CVE-2025-25469","https://nvd.nist.gov/vuln/detail/CVE-2025-25469","ffmpeg","8.1.2","6.5","0","0","1","1","2025A0000025469","sha256:8d62eff16a8b8aad68591d1317718eb5593909e61ad5a6c5b00b87fbd345326d","component_exact","no_component_match","1","0","1","0","0"
"CVE-2025-25469","https://nvd.nist.gov/vuln/detail/CVE-2025-25469","ffmpeg","7.1.5","6.5","0","0","1","1","2025A0000025469","sha256:dc11d5e6e95b795c7fb9c5486a33f2a1b49b8245d0acbfe7f610784eab40fd0f","component_exact","no_component_match","1","0","1","0","0"
"CVE-2025-25468","https://nvd.nist.gov/vuln/detail/CVE-2025-25468","ffmpeg","8.1.2","6.5","0","0","1","1","2025A0000025468","sha256:f50dc0584e8927f08a3dd428e95a32cc8ef8f2b86c6d522e55401f248c0a96a2","component_exact","no_component_match","1","0","1","0","0"
"CVE-2025-25468","https://nvd.nist.gov/vuln/detail/CVE-2025-25468","ffmpeg","7.1.5","6.5","0","0","1","1","2025A0000025468","sha256:77c7a7cbf0e6e8034c513d58744ce4ee1f817cbc5a64ce940a69c3d98218f81a","component_exact","no_component_match","1","0","1","0","0"
"CVE-2025-15281","https://nvd.nist.gov/vuln/detail/CVE-2025-15281","glibc","2.42-67","7.5","0","0","1","1","2025A0000015281","sha256:3d768649a432a37f87dad7ad3226c8b9302136d1d9ce125360da8285631c7737","component_exact","no_component_match","1","0","1","0","0"
"CVE-2025-12343","https://nvd.nist.gov/vuln/detail/CVE-2025-12343","ffmpeg","7.1.5","3.3","1","0","1","2","2025A0000012343","sha256:c3d815e0034cbf2e865eb1e87f1d03a6a833144f1f56f8224aa7e2e831e2f729","component_mixed","no_component_match","1","0","1","0","0"
"CVE-2025-10911","https://nvd.nist.gov/vuln/detail/CVE-2025-10911","libxslt","1.1.45","5.5","1","0","0","1","2025A0000010911","sha256:c7df48af24d24988f1700cc0f8cc21257998179f7938caf3bf4a22c9768185fb","component_expanded","no_component_match","1","0","1","0","0"
"CVE-2025-10256","https://nvd.nist.gov/vuln/detail/CVE-2025-10256","ffmpeg","7.1.5","5.3","1","0","1","2","2025A0000010256","sha256:5dd66fb556b9086377b7598949211d29f548c294de8c14d42d2aa1eae1d2f4f7","component_mixed","no_component_match","1","0","1","0","0"
"CVE-2025-7425","https://nvd.nist.gov/vuln/detail/CVE-2025-7425","libxslt","1.1.45","7.8","1","0","0","1","2025A0000007425","sha256:0d4b2e96d30d67dfbc6f8264a4a0dc21342700ac70902f93c2aee23bdde3c8ad","component_expanded","no_component_match","1","0","1","0","0"
"CVE-2025-6170","https://nvd.nist.gov/vuln/detail/CVE-2025-6170","libxml2","2.15.3","2.5","1","0","0","1","2025A0000006170","sha256:57e0e193a73f178df537d79828d304bd40ea3c120447c16a2d8d6f9e6722cedf","component_expanded","no_component_match","2","0","2","0","0"
"CVE-2025-6021","https://nvd.nist.gov/vuln/detail/CVE-2025-6021","libxml2","2.15.3","7.5","1","0","0","1","2025A0000006021","sha256:1ae6e08d0116f8cc9a258d88c93686c71bc445ec1c2175bf52b026b952f421b0","component_expanded","no_component_match","2","0","2","0","0"
"OSV-2025-219","https://osv.dev/OSV-2025-219","openjpeg","2.5.4","","0","1","0","1","2025A0000000219","sha256:8d97441650193a3df9392fe48977a41f1a40155221a5cd1738d927ca965c308f","component_exact","no_component_match","2","0","2","0","0"
"OSV-2025-202","https://osv.dev/OSV-2025-202","librsvg","2.62.3","","0","1","0","1","2025A0000000202","sha256:c30c855aab9897c90f91a7bdf83f62e871b30f52cb6e5c426893f2efa77ae956","component_exact","no_component_match","1","0","1","0","0"
"CVE-2024-58251","https://nvd.nist.gov/vuln/detail/CVE-2024-58251","busybox","1.37.0","2.5","1","0","0","1","2024A0000058251","sha256:572565d26b563201bfa27b14b1b02a52e806c7085da6d4d3307ba4fff7c958c3","component_expanded","no_component_match","1","0","1","0","0"
"CVE-2024-50613","https://nvd.nist.gov/vuln/detail/CVE-2024-50613","libsndfile","1.2.2","6.5","0","0","1","1","2024A0000050613","sha256:889f224427ad8140708f23e1037d98c199b306fddeaa98b43ba336489ff0b93e","component_exact","no_component_match","1","0","1","0","0"
"CVE-2024-50612","https://nvd.nist.gov/vuln/detail/CVE-2024-50612","libsndfile","1.2.2","5.5","0","0","1","1","2024A0000050612","sha256:f3226711d2e0f4b4f7008777ee4ee4da616fa1ee6367e8ce84ffdb53db952d08","component_exact","no_component_match","1","0","1","0","0"
"CVE-2024-45993","https://nvd.nist.gov/vuln/detail/CVE-2024-45993","giflib","5.2.2","6.5","1","0","1","2","2024A0000045993","sha256:b8c0ce6c03797c3a0aa8d348596303d5ae71855197e0bcd164d73dfbaa368718","component_mixed","no_component_match","2","0","2","0","0"
"CVE-2024-37847","https://nvd.nist.gov/vuln/detail/CVE-2024-37847","mango","nightly","8.8","1","0","0","1","2024A0000037847","sha256:877fbc477538d10e5156fb1ce2ba51467ebf7d2ce63c5d69cf2d2e2ce121d756","component_expanded","no_component_match","1","0","1","0","0"
"CVE-2024-37846","https://nvd.nist.gov/vuln/detail/CVE-2024-37846","mango","nightly","4.6","1","0","0","1","2024A0000037846","sha256:5b6cf40ee5f65964cd725f50cc144c059f9816f85e517dbdf59ca3266bf4cdb7","component_expanded","no_component_match","1","0","1","0","0"
"CVE-2024-37845","https://nvd.nist.gov/vuln/detail/CVE-2024-37845","mango","nightly","7.2","1","0","0","1","2024A0000037845","sha256:6b6e6eb5ebfde23a59e80bdb5037f19c9e95c52dda4add805045cf94fdad9388","component_expanded","no_component_match","1","0","1","0","0"
"CVE-2024-37844","https://nvd.nist.gov/vuln/detail/CVE-2024-37844","mango","nightly","5.4","1","0","0","1","2024A0000037844","sha256:34a379c72e11e076ae4c77510aa68ab72d3dbf0ddadd5d541dc2387ea65ea205","component_expanded","no_component_match","1","0","1","0","0"
"CVE-2024-21485","https://nvd.nist.gov/vuln/detail/CVE-2024-21485","dash","0.5.13.3","6.5","0","0","1","1","2024A0000021485","sha256:381c9200b64a07de5222849a2ddc463eb80f513e9b0ea00dfa9151e19649a54b","component_exact","no_component_match","1","0","1","0","0"
"CVE-2024-9410","https://nvd.nist.gov/vuln/detail/CVE-2024-9410","ada","3.4.4","5.3","1","0","1","2","2024A0000009410","sha256:db035dfc4afa351748e95be97e6ae35e7ad209387af912844bef6b9e34299a62","component_mixed","no_component_match","1","0","1","0","0"
"OSV-2024-1164","https://osv.dev/OSV-2024-1164","libultrahdr","1.4.0","","0","1","0","1","2024A0000001164","sha256:6cb94e8a1ec3d866996ba6f2075d25ebe6a528d18dcb354706f136116642e8e2","component_exact","no_component_match","1","0","1","0","0"
"OSV-2024-914","https://osv.dev/OSV-2024-914","boost","1.89.0","","0","1","0","1","2024A0000000914","sha256:77f6a0142aaf12a625ff78a3cb0d484c42b60c86ddaff27f01d7733ba25f07f6","component_exact","no_component_match","1","0","1","0","0"
"OSV-2024-698","https://osv.dev/OSV-2024-698","libxml2","2.15.3","","0","1","0","1","2024A0000000698","sha256:a15b369fdca87b94b996a134775aaa40ea1bf85742bec799ccce6d2acd598e84","component_exact","no_component_match","2","0","2","0","0"
"OSV-2024-678","https://osv.dev/OSV-2024-678","flac","1.5.0","","0","1","0","1","2024A0000000678","sha256:0ba259822e869490095e154c71bfd8e44e330d553ea45621a8656a651fc59661","component_exact","no_component_match","2","0","2","0","0"
"OSV-2024-395","https://osv.dev/OSV-2024-395","libpcap","1.10.6","","0","1","0","1","2024A0000000395","sha256:ad5ed73b7035792e043d20955dc0b9dffd7505fbe1bf88a0a2107829caa44dac","component_exact","no_component_match","2","0","2","0","0"
"OSV-2024-112","https://osv.dev/OSV-2024-112","boost","1.89.0","","0","1","0","1","2024A0000000112","sha256:fcde2ce3ac795fd7ea5decabaf2e3be15e85814ac88e17358245879854620c4e","component_exact","no_component_match","1","0","1","0","0"
"CVE-2023-52356","https://nvd.nist.gov/vuln/detail/CVE-2023-52356","libtiff","4.7.2","7.5","1","0","0","1","2023A0000052356","sha256:bc49697e3bbd0e370d43c6c1fee5c2bcbb74ec27c534bb45e23ddebd91f0af98","component_expanded","no_component_match","2","0","2","0","0"
"CVE-2023-51767","https://nvd.nist.gov/vuln/detail/CVE-2023-51767","openssh","10.4p1","7","1","0","0","1","2023A0000051767","sha256:8be40986265beda55830315e2615dd68b383d8fd52710aaf93be9219284dfaa1","component_expanded","no_component_match","1","0","1","0","0"
"CVE-2023-47466","https://nvd.nist.gov/vuln/detail/CVE-2023-47466","taglib","1.13.1","2.9","1","0","1","2","2023A0000047466","sha256:24f31db9954a07b87ee5d5e5233878746c67784f04f619201396e987f0837f51","component_mixed","no_component_match","1","0","1","0","0"
"CVE-2023-37769","https://nvd.nist.gov/vuln/detail/CVE-2023-37769","pixman","0.46.4","6.5","1","0","0","1","2023A0000037769","sha256:7ef3e827ff9e1361b62a8600606a6250da9a82d4676aac058f17aaddc0ceb27b","component_expanded","no_component_match","2","0","2","0","0"
"CVE-2023-7216","https://nvd.nist.gov/vuln/detail/CVE-2023-7216","cpio","2.15","5.3","1","0","0","1","2023A0000007216","sha256:bbeba32140dd5c1a76b84df7cf68f66d057a84ca1758b8bf4e1ec72d8a5ccca2","component_expanded","no_component_match","1","0","1","0","0"
"CVE-2023-6992","https://nvd.nist.gov/vuln/detail/CVE-2023-6992","zlib","1.3.2","4.0","0","0","1","1","2023A0000006992","sha256:6fa98ab2d92fadb6c04cf5559c57220fe286861cc84c2a69e924db1381356a1f","component_exact","no_component_match","1","0","1","0","0"
"CVE-2023-6277","https://nvd.nist.gov/vuln/detail/CVE-2023-6277","libtiff","4.7.2","6.5","1","0","0","1","2023A0000006277","sha256:75c4d7d029a10a9459499453199cd5e6e7c789a31ea13cca05dddc80f5618536","component_expanded","no_component_match","2","0","2","0","0"
"CVE-2023-6228","https://nvd.nist.gov/vuln/detail/CVE-2023-6228","libtiff","4.7.2","5.5","1","0","0","1","2023A0000006228","sha256:74e0278144dea8f1711801f81ed3f2ed1956a75405b17ddf1480681a744f4e41","component_expanded","no_component_match","2","0","2","0","0"
"CVE-2023-5341","https://nvd.nist.gov/vuln/detail/CVE-2023-5341","imagemagick","7.1.2-29","5.5","1","0","0","1","2023A0000005341","sha256:09712aeeff2d10223a45398cece7c9a3014be079ffb8fa91e57d4d142ee10031","component_expanded","no_component_match","1","0","1","0","0"
"CVE-2023-4039","https://nvd.nist.gov/vuln/detail/CVE-2023-4039","gcc","15.3.0","4.8","0","0","1","1","2023A0000004039","sha256:47e2cf70eda8328f111f138553fa91dc0b4a561cf256072403f75aef2ff3f4d1","component_exact","no_component_match","1","0","1","0","0"
"CVE-2023-4039","https://nvd.nist.gov/vuln/detail/CVE-2023-4039","gcc","15.2.0","4.8","0","0","1","1","2023A0000004039","sha256:35b5f54b8672d006f22cce918588922429052b64030447d0c3b9f3eb65b1d214","component_exact","no_component_match","1","0","1","0","0"
"OSV-2023-1307","https://osv.dev/OSV-2023-1307","libbpf","1.7.0","","0","1","0","1","2023A0000001307","sha256:02c1e173f23e977e5dc22c1a2ba4c396426fadbb4b3df6fb92ee8960d43ad021","component_exact","no_component_match","2","0","2","0","0"
"OSV-2023-1129","https://osv.dev/OSV-2023-1129","libheif","1.23.1","","0","1","0","1","2023A0000001129","sha256:4de886d938d3c7134dc739e08e379084ad6ee07801e8df74827c9fafc772a535","component_exact","no_component_match","1","0","1","0","0"
"OSV-2023-877","https://osv.dev/OSV-2023-877","libbpf","1.7.0","","0","1","0","1","2023A0000000877","sha256:b88b5959e856b9abd33cfd856e4cc0b87d40ee8684e94554a0bdb6672546e258","component_exact","no_component_match","2","0","2","0","0"
"OSV-2023-364","https://osv.dev/OSV-2023-364","hunspell","1.7.2","","0","1","0","1","2023A0000000364","sha256:4a4a1f5f161f7718d7aba8f3ce69d71801bbf37894279cb8b1f26ade7fb66810","component_exact","no_component_match","1","0","1","0","0"
"OSV-2023-327","https://osv.dev/OSV-2023-327","hunspell","1.7.2","","0","1","0","1","2023A0000000327","sha256:ddc13720943468c912435092d61fb3eb7cf386ea2b0733fc8e79216cdfda882d","component_exact","no_component_match","1","0","1","0","0"
"OSV-2023-298","https://osv.dev/OSV-2023-298","cairo","1.18.4","","0","1","0","1","2023A0000000298","sha256:2c59fb57c0374b3203815f96c5df8eda8ce2f7fe43192140e75a53f8d978d8ba","component_exact","no_component_match","2","0","2","0","0"
"OSV-2023-197","https://osv.dev/OSV-2023-197","p11-kit","0.26.2","","0","1","0","1","2023A0000000197","sha256:56c353c02f4cc71e6c42394ccd767414186a045e653a950380396ddb29957a8a","component_exact","no_component_match","2","0","2","0","0"
"OSV-2023-14","https://osv.dev/OSV-2023-14","hunspell","1.7.2","","0","1","0","1","2023A0000000014","sha256:310be0984e23640f18e3b73c8e839edb4de68f27ece5ca231df88d0fe198e86a","component_exact","no_component_match","1","0","1","0","0"
"CVE-2022-42012","https://nvd.nist.gov/vuln/detail/CVE-2022-42012","dbus","1","6.5","0","0","1","1","2022A0000042012","sha256:82dd0bdf57ea81d516a3f0ab27e2ea3e95c6796cb58ead04ad038c7b65e1668b","component_exact","no_component_match","1","0","1","0","0"
"CVE-2022-42011","https://nvd.nist.gov/vuln/detail/CVE-2022-42011","dbus","1","6.5","0","0","1","1","2022A0000042011","sha256:963403965980ac9f947b145e53e59a4052ba59a106266f61711d5195bdc30738","component_exact","no_component_match","1","0","1","0","0"
"CVE-2022-42010","https://nvd.nist.gov/vuln/detail/CVE-2022-42010","dbus","1","6.5","0","0","1","1","2022A0000042010","sha256:81a63aa046395017945fe17cf7763911fe5447d9198455d52c2276b7a0eb7ddc","component_exact","no_component_match","1","0","1","0","0"
"CVE-2022-38663","https://nvd.nist.gov/vuln/detail/CVE-2022-38663","git","2.54.0_fish-completions","6.5","0","0","1","1","2022A0000038663","sha256:54879b72f872c3a0a64e0fb6c64d96a23d3cc8d6442499b86d6bd76e48e4992e","component_exact","no_component_match","1","0","1","0","0"
"CVE-2022-38663","https://nvd.nist.gov/vuln/detail/CVE-2022-38663","git","2.54.0-fish-completions","6.5","0","0","1","1","2022A0000038663","sha256:7231378857d47875b68b5bbc1a68bc0646c19d5c5a7669bebe4e123ff67a0ec7","component_exact","no_component_match","1","0","1","0","0"
"CVE-2022-38663","https://nvd.nist.gov/vuln/detail/CVE-2022-38663","git","2.54.0","6.5","0","0","1","1","2022A0000038663","sha256:abebcd1a8ed42e8984532ce0dc4e1b530a25c90e2f0bcfa716fc704d3f1da39a","component_exact","no_component_match","1","0","1","0","0"
"CVE-2022-37416","https://nvd.nist.gov/vuln/detail/CVE-2022-37416","libmpeg2","0.5.1","6.5","1","0","1","2","2022A0000037416","sha256:2dcf2b85a386efacc3f2deb9d47a66d7fd04bd183a55f7f7d0aef34be456a74a","component_mixed","no_component_match","1","0","1","0","0"
"CVE-2022-36884","https://nvd.nist.gov/vuln/detail/CVE-2022-36884","git","2.54.0_fish-completions","5.3","0","0","1","1","2022A0000036884","sha256:827c3d90c3e21a8e5cde6b51e1c5475b9ba52572d8fa7da91ea2031499d2046a","component_exact","no_component_match","1","0","1","0","0"
"CVE-2022-36884","https://nvd.nist.gov/vuln/detail/CVE-2022-36884","git","2.54.0-fish-completions","5.3","0","0","1","1","2022A0000036884","sha256:9003dc07e5e0cfe119c2b4bf05077d829c3a707623465297ad929873faac0c60","component_exact","no_component_match","1","0","1","0","0"
"CVE-2022-36884","https://nvd.nist.gov/vuln/detail/CVE-2022-36884","git","2.54.0","5.3","0","0","1","1","2022A0000036884","sha256:745ee4f13aaa875986ce8b7904f4d447a4f3430914d43e08842527d4eab9f8c0","component_exact","no_component_match","1","0","1","0","0"
"CVE-2022-36883","https://nvd.nist.gov/vuln/detail/CVE-2022-36883","git","2.54.0_fish-completions","7.5","0","0","1","1","2022A0000036883","sha256:099767260414da3b877f6d99fce9a40619ea6c3b29b61923de97f3bf3e66c48c","component_exact","no_component_match","1","0","1","0","0"
"CVE-2022-36883","https://nvd.nist.gov/vuln/detail/CVE-2022-36883","git","2.54.0-fish-completions","7.5","0","0","1","1","2022A0000036883","sha256:fe26acf9926266124dfc860b740afb6552548f9a35138122d4f175d46f225e19","component_exact","no_component_match","1","0","1","0","0"
"CVE-2022-36883","https://nvd.nist.gov/vuln/detail/CVE-2022-36883","git","2.54.0","7.5","0","0","1","1","2022A0000036883","sha256:be577b10160dce400d76e59209c64a6edb19cc0c3e99088b827e72eff4456a28","component_exact","no_component_match","1","0","1","0","0"
"CVE-2022-36882","https://nvd.nist.gov/vuln/detail/CVE-2022-36882","git","2.54.0_fish-completions","8.8","0","0","1","1","2022A0000036882","sha256:7d1e7651fec3333bdead77a50ec954735bf18d32755385165220e88d2062983a","component_exact","no_component_match","1","0","1","0","0"
"CVE-2022-36882","https://nvd.nist.gov/vuln/detail/CVE-2022-36882","git","2.54.0-fish-completions","8.8","0","0","1","1","2022A0000036882","sha256:c25e6cf707dfe059080c3b0f76520e6560183a71109e211214435142bd22b08c","component_exact","no_component_match","1","0","1","0","0"
"CVE-2022-36882","https://nvd.nist.gov/vuln/detail/CVE-2022-36882","git","2.54.0","8.8","0","0","1","1","2022A0000036882","sha256:aecf72fda9d28447074bb59554fae50351990209fce295c8da414dcce7269a95","component_exact","no_component_match","1","0","1","0","0"
"CVE-2022-30947","https://nvd.nist.gov/vuln/detail/CVE-2022-30947","git","2.54.0_fish-completions","7.5","0","0","1","1","2022A0000030947","sha256:a2dc9fa39fd2a5698685a7ef79c939916746df2e81801269069470e93bbb3c9c","component_exact","no_component_match","1","0","1","0","0"
"CVE-2022-30947","https://nvd.nist.gov/vuln/detail/CVE-2022-30947","git","2.54.0-fish-completions","7.5","0","0","1","1","2022A0000030947","sha256:289e833ef50c6668de85e201b0fa7411d6391b88837f08c06bfe570168df1376","component_exact","no_component_match","1","0","1","0","0"
"CVE-2022-30947","https://nvd.nist.gov/vuln/detail/CVE-2022-30947","git","2.54.0","7.5","0","0","1","1","2022A0000030947","sha256:51227aeca89dabdacd143b035bee6dd6414b6985a4de8ab377fc3e2cedd169e6","component_exact","no_component_match","1","0","1","0","0"
"CVE-2022-26691","https://nvd.nist.gov/vuln/detail/CVE-2022-26691","cups","2.4.19","6.7","0","0","1","1","2022A0000026691","sha256:f4b2b9a5a8673ad15dc95ab62ffbbd6388fa7b1858a3451baa7fc0c43bf441c2","component_exact","no_component_match","1","0","1","0","0"
"CVE-2022-3219","https://nvd.nist.gov/vuln/detail/CVE-2022-3219","gnupg","2.4.9","3.3","1","0","0","1","2022A0000003219","sha256:7143d80e6a4523e432e20c1f385faac0e56d21a71827630d82c9ff0bdbe91b5c","component_expanded","no_component_match","1","0","1","0","0"
"OSV-2022-882","https://osv.dev/OSV-2022-882","hunspell","1.7.2","","0","1","0","1","2022A0000000882","sha256:3ee539261d423512ebe12d90922681ecba95ee28edabc8607523c3b014c2f2dc","component_exact","no_component_match","1","0","1","0","0"
"CVE-2022-0856","https://nvd.nist.gov/vuln/detail/CVE-2022-0856","libcaca","0.99.beta20","6.5","1","0","0","1","2022A0000000856","sha256:a4319aa3f8811ca1565f2ebf43c0f948a794e52909320a11ba21186c2853b2f4","component_expanded","no_component_match","1","0","1","0","0"
"OSV-2022-725","https://osv.dev/OSV-2022-725","libjxl","0.11.2","","0","1","0","1","2022A0000000725","sha256:b6efc82badc43a1ac7b1c578e07a6732b674ab1e77ba4e1e53d6d0184f34bfe6","component_exact","no_component_match","1","0","1","0","0"
"OSV-2022-608","https://osv.dev/OSV-2022-608","libjxl","0.11.2","","0","1","0","1","2022A0000000608","sha256:e212657a0d3401dcca2f8ff405fb824936df0206fbafa32453c9f63385c0afb1","component_exact","no_component_match","1","0","1","0","0"
"OSV-2022-312","https://osv.dev/OSV-2022-312","dnsmasq","2.93","","0","1","0","1","2022A0000000312","sha256:f093981dd6f2a84f79ccaf29f1a195e2256ac674c73536fc8f975f2aa7dff7a3","component_exact","no_component_match","2","0","2","0","0"
"OSV-2022-126","https://osv.dev/OSV-2022-126","md4c","0.5.2","","0","1","0","1","2022A0000000126","sha256:5b3231b13900195947d30744c08803ab9249096165b3000649cf8495f4a1b9b3","component_exact","no_component_match","1","0","1","0","0"
"CVE-2021-43519","https://nvd.nist.gov/vuln/detail/CVE-2021-43519","lua","5.2.4","5.5","1","0","1","2","2021A0000043519","sha256:32a62d141c5e70f2362f13cbed86521214a0f3b0488dd49d627f0b8d100105eb","component_mixed","no_component_match","1","0","1","0","0"
"CVE-2021-30499","https://nvd.nist.gov/vuln/detail/CVE-2021-30499","libcaca","0.99.beta20","7.8","1","0","0","1","2021A0000030499","sha256:ba300740dbfda35dc114f38dd341f4ad81400c18efe302c78071fe251d872a78","component_expanded","no_component_match","1","0","1","0","0"
"CVE-2021-26720","https://nvd.nist.gov/vuln/detail/CVE-2021-26720","avahi","0.8","7.8","0","0","1","1","2021A0000026720","sha256:9cae5d5ae6882ad7df6a129c56fc26aee7d0b1ecbe0002e8b119b62b63718f2d","component_exact","no_component_match","1","0","1","0","0"
"CVE-2021-21684","https://nvd.nist.gov/vuln/detail/CVE-2021-21684","git","2.54.0_fish-completions","6.1","0","0","1","1","2021A0000021684","sha256:ee524702fd2c31bdb068acfca5f57aee2bc386f3d1f6c53965b354c8bda6fffa","component_exact","no_component_match","1","0","1","0","0"
"CVE-2021-21684","https://nvd.nist.gov/vuln/detail/CVE-2021-21684","git","2.54.0-fish-completions","6.1","0","0","1","1","2021A0000021684","sha256:9ea82b686aed48b16ee7d827110d9e00b366db3552e0ae8416f1394083f3f575","component_exact","no_component_match","1","0","1","0","0"
"CVE-2021-21684","https://nvd.nist.gov/vuln/detail/CVE-2021-21684","git","2.54.0","6.1","0","0","1","1","2021A0000021684","sha256:643ae24555402f8e63d4ce1f3d6e1d81d418734965f4ef32c21bddb7ee0664f7","component_exact","no_component_match","1","0","1","0","0"
"CVE-2021-4034","https://nvd.nist.gov/vuln/detail/CVE-2021-4034","polkit","1.pam","7.8","0","0","1","1","2021A0000004034","sha256:1d1d4119bb182eb8123ce928bb7ea923e42e41a3b62680f25359f0dd5c79462f","component_exact","no_component_match","1","0","1","0","0"
"OSV-2021-777","https://osv.dev/OSV-2021-777","libxml2","2.15.3","","0","1","0","1","2021A0000000777","sha256:b13ca0dffa322d425e0378373b485c4518bc0ac2e1065e4c913cc5ba09fc723c","component_exact","no_component_match","2","0","2","0","0"
"CVE-2020-24490","https://nvd.nist.gov/vuln/detail/CVE-2020-24490","bluez","5.86","6.5","1","0","0","1","2020A0000024490","sha256:62c0f5c2fbe6f8647df529cee189f6d8915b9440ad2d3ab5eff0ff86c78526f1","component_expanded","no_component_match","2","0","2","0","0"
"OSV-2020-2308","https://osv.dev/OSV-2020-2308","libheif","1.23.1","","0","1","0","1","2020A0000002308","sha256:c639e79bf06d8d901f272fd0c4df47eba38575142d42346988a5c9ddd08e73d2","component_exact","no_component_match","1","0","1","0","0"
"CVE-2018-7263","https://nvd.nist.gov/vuln/detail/CVE-2018-7263","libmad","0.15.1b","9.8","1","0","0","1","2018A0000007263","sha256:7c882e92a6c1f25f1333e174153964bbc01707d49753fd40def275d129d4d52e","component_expanded","no_component_match","2","0","2","0","0"
"CVE-2018-6553","https://nvd.nist.gov/vuln/detail/CVE-2018-6553","cups","2.4.19","8.8","1","0","0","1","2018A0000006553","sha256:44b1cb9139222992ce4231586a696fb657a8d8081ae80e47af4dd94d26b18d51","component_expanded","no_component_match","2","0","2","0","0"
"CVE-2017-12652","https://nvd.nist.gov/vuln/detail/CVE-2017-12652","libpng","1.2.59","9.8","1","0","0","1","2017A0000012652","sha256:e4e0dbddc27b5cf6b602db5ce5f2cc5c038cd8c57baa74e3b8b47bb6ae13c447","component_expanded","no_component_match","1","0","1","0","0"
"CVE-2017-5506","https://nvd.nist.gov/vuln/detail/CVE-2017-5506","imagemagick","7.1.2-29","7.8","1","0","0","1","2017A0000005506","sha256:c8e20aef611468705c069b0b63aaa064a34b675433c760943539c302c2e9cb02","component_expanded","no_component_match","1","0","1","0","0"
"CVE-2017-5436","https://nvd.nist.gov/vuln/detail/CVE-2017-5436","graphite2","1.3.15","8.8","1","0","0","1","2017A0000005436","sha256:3bd529c18c1e8adb43391cecf88ee4923b0b813ffbc7d2b7c4638fe545af631b","component_expanded","no_component_match","2","0","2","0","0"
"CVE-2016-7538","https://nvd.nist.gov/vuln/detail/CVE-2016-7538","imagemagick","7.1.2-29","6.5","1","0","0","1","2016A0000007538","sha256:97e087c228efe2a89139a32acace7b2672da8d55090cf6d9ee15b47c619dd643","component_expanded","no_component_match","1","0","1","0","0"
"CVE-2016-3751","https://nvd.nist.gov/vuln/detail/CVE-2016-3751","libpng","1.2.59","7.8","1","0","0","1","2016A0000003751","sha256:4bd9da248c19d9572cfde0462f437b5e92ca29272f72abaa9b67038e90f98373","component_expanded","no_component_match","1","0","1","0","0"
"CVE-2015-0973","https://nvd.nist.gov/vuln/detail/CVE-2015-0973","libpng","1.2.59","8.8","1","0","0","1","2015A0000000973","sha256:096ef3456e4117f90921594f10875c07d909c18a3e21443e0597476e986797db","component_expanded","no_component_match","1","0","1","0","0"
"CVE-2014-9826","https://nvd.nist.gov/vuln/detail/CVE-2014-9826","imagemagick","7.1.2-29","9.8","1","0","0","1","2014A0000009826","sha256:6225a82e18cc0cc0222c3226265cdf76951e84fcaa1e0798ded33b4002059eb3","component_expanded","no_component_match","1","0","1","0","0"
"CVE-2014-9495","https://nvd.nist.gov/vuln/detail/CVE-2014-9495","libpng","1.2.59","8.8","1","0","0","1","2014A0000009495","sha256:4f2d2e7eb33a00994b7e8ef1796cde64ff217340b078be6a969a757efe4920c9","component_expanded","no_component_match","1","0","1","0","0"
"CVE-2014-9278","https://nvd.nist.gov/vuln/detail/CVE-2014-9278","openssh","10.4p1","","1","0","0","1","2014A0000009278","sha256:cb7eac0f1c37007124000b54776b57ce9811640c9f3341b97978b855989e041c","component_expanded","no_component_match","1","0","1","0","0"
"CVE-2014-6492","https://nvd.nist.gov/vuln/detail/CVE-2014-6492","firefox","153.0.4","","1","0","0","1","2014A0000006492","sha256:6d289fea2f987947437e0902205b5029a375f8a522b2cdd575a212ca3067e776","component_expanded","no_component_match","1","0","1","0","0"
"CVE-2013-7354","https://nvd.nist.gov/vuln/detail/CVE-2013-7354","libpng","1.2.59","6.5","1","0","0","1","2013A0000007354","sha256:b83b3045685b0cff53a36e4c9157d101a44a1eb092b8199491aa74c967aeac14","component_expanded","no_component_match","1","0","1","0","0"
"CVE-2013-7353","https://nvd.nist.gov/vuln/detail/CVE-2013-7353","libpng","1.2.59","6.5","1","0","0","1","2013A0000007353","sha256:5e16c2f35312672bc88d5711bda1038691a85cc2f8aa9d72d27bdf63ccf4851e","component_expanded","no_component_match","1","0","1","0","0"
"CVE-2013-6954","https://nvd.nist.gov/vuln/detail/CVE-2013-6954","libpng","1.2.59","6.5","1","0","0","1","2013A0000006954","sha256:bc375be6a959a4aadaf31e0893a7ea140718fadc782e5404b714bf9d020bc1f8","component_expanded","no_component_match","1","0","1","0","0"
"CVE-2013-3773","https://nvd.nist.gov/vuln/detail/CVE-2013-3773","xcp","0.24.8","","1","0","0","1","2013A0000003773","sha256:d704a5e650a3e8f78d2c06ee4de33580e3b3a6058c5d1a072d997db388c124c4","component_expanded","no_component_match","1","0","1","0","0"
"CVE-2012-0548","https://nvd.nist.gov/vuln/detail/CVE-2012-0548","xcp","0.24.8","","1","0","0","1","2012A0000000548","sha256:6c328ff86020520ffc2377404275378616fef0ca55b5e483871d09cb9c1bf112","component_expanded","no_component_match","1","0","1","0","0"
"CVE-2011-3045","https://nvd.nist.gov/vuln/detail/CVE-2011-3045","libpng","1.2.59","8.8","1","0","0","1","2011A0000003045","sha256:f2529c184d3c933853f861a9886b957e4ec33c54742bb26c4e2f280bd61c20e2","component_expanded","no_component_match","1","0","1","0","0"
"CVE-2011-2411","https://nvd.nist.gov/vuln/detail/CVE-2011-2411","samba","4.23.10","","1","0","0","1","2011A0000002411","sha256:6dc5e40a09803501a364ee3e9da2c85aefbfe957217bf9b6997c31dc9ea402b0","component_expanded","no_component_match","1","0","1","0","0"
"CVE-2011-2299","https://nvd.nist.gov/vuln/detail/CVE-2011-2299","xcp","0.24.8","","1","0","0","1","2011A0000002299","sha256:36b4167ac8b724fd8c8fc89be3caeb3258cfcc553bd7990409d8ded6fbe1102d","component_expanded","no_component_match","1","0","1","0","0"
"CVE-2011-0064","https://nvd.nist.gov/vuln/detail/CVE-2011-0064","firefox","153.0.4","","1","0","0","1","2011A0000000064","sha256:cfb269bd1b9803333455a7d68a0c0cb7eb054ed408124d160a0e5b75b6633b46","component_expanded","no_component_match","1","0","1","0","0"
"CVE-2010-4226","https://nvd.nist.gov/vuln/detail/CVE-2010-4226","cpio","2.15","7.2","1","0","0","1","2010A0000004226","sha256:2809a9c983c5c34c800b42481ac1eae55c9ce57b0a469667d1aed16d6eb76512","component_expanded","no_component_match","1","0","1","0","0"
"CVE-2009-4630","https://nvd.nist.gov/vuln/detail/CVE-2009-4630","firefox","153.0.4","","1","0","0","1","2009A0000004630","sha256:df13ecad4247c982ebf1f446680fe48efb9fd0be185eca5e733faadbfe2efa78","component_expanded","no_component_match","1","0","1","0","0"
"CVE-2009-4130","https://nvd.nist.gov/vuln/detail/CVE-2009-4130","firefox","153.0.4","","1","0","0","1","2009A0000004130","sha256:bd96ecd14bb1bd146619f6995542c690127edf0c0635992e69191cdcf2eea868","component_expanded","no_component_match","1","0","1","0","0"
"CVE-2009-4129","https://nvd.nist.gov/vuln/detail/CVE-2009-4129","firefox","153.0.4","","1","0","0","1","2009A0000004129","sha256:63a0b10f8e581b8f11693367d638f19cef112031572e8928ee6931a54eaa971d","component_expanded","no_component_match","1","0","1","0","0"
"CVE-2009-4102","https://nvd.nist.gov/vuln/detail/CVE-2009-4102","firefox","153.0.4","","1","0","0","1","2009A0000004102","sha256:9405ed8d5947d366fc9696b21cb9f796a3a1656145caa76b00b22fa09509eca2","component_expanded","no_component_match","1","0","1","0","0"
"CVE-2009-1597","https://nvd.nist.gov/vuln/detail/CVE-2009-1597","firefox","153.0.4","","1","0","0","1","2009A0000001597","sha256:edddcacb5c290a6da018d21c1fdfa222ad7a94d2ef59a8ca6bbb58be380344e3","component_expanded","no_component_match","1","0","1","0","0"
"CVE-2008-3844","https://nvd.nist.gov/vuln/detail/CVE-2008-3844","openssh","10.4p1","","1","0","0","1","2008A0000003844","sha256:1a352052150e1920652c5ce27ac1d9df7e771c0a32e81ee777ae0e6ef67b0990","component_expanded","no_component_match","1","0","1","0","0"
"CVE-2007-6715","https://nvd.nist.gov/vuln/detail/CVE-2007-6715","firefox","153.0.4","","1","0","0","1","2007A0000006715","sha256:0952c04e32d0ede4e3bc04e997e203701cf8ebfbba78cf450bf1188b722949f3","component_expanded","no_component_match","1","0","1","0","0"
"CVE-2007-5967","https://nvd.nist.gov/vuln/detail/CVE-2007-5967","firefox","153.0.4","6.5","1","0","0","1","2007A0000005967","sha256:31592319ffdc5f918b04802646c8de044c6f459f14cdb750e52c35ece26040d6","component_expanded","no_component_match","1","0","1","0","0"
"CVE-2007-4013","https://nvd.nist.gov/vuln/detail/CVE-2007-4013","firefox","153.0.4","","1","0","0","1","2007A0000004013","sha256:7dce2dc3aa356530c9c2b3e942837a59b3974b95368e86ebf1a5279f844f00e6","component_expanded","no_component_match","1","0","1","0","0"
"CVE-2007-3827","https://nvd.nist.gov/vuln/detail/CVE-2007-3827","firefox","153.0.4","","1","0","0","1","2007A0000003827","sha256:01341c2432f88c81ac2f34c41bf5848560e9515839f3eea0fb40a277ae5685aa","component_expanded","no_component_match","1","0","1","0","0"
"CVE-2007-3670","https://nvd.nist.gov/vuln/detail/CVE-2007-3670","firefox","153.0.4","","1","0","0","1","2007A0000003670","sha256:ecdf88e0e8496d2f8f6156fed5b32409c950e106fa07f5f881bb8e75fe8e660d","component_expanded","no_component_match","1","0","1","0","0"
"CVE-2007-2768","https://nvd.nist.gov/vuln/detail/CVE-2007-2768","openssh","10.4p1","","1","0","0","1","2007A0000002768","sha256:7de59af57d3fa9a18edc0c0e76a6ccfebcf0b32c1531bbe53bfc91dd89b83108","component_expanded","no_component_match","1","0","1","0","0"
"CVE-2007-2176","https://nvd.nist.gov/vuln/detail/CVE-2007-2176","firefox","153.0.4","","1","0","0","1","2007A0000002176","sha256:d7ad1db4fd2f0e6331a8d0948ff689eb465d8388f6a59b2df24840aeb9bf310f","component_expanded","no_component_match","1","0","1","0","0"
"CVE-2007-1970","https://nvd.nist.gov/vuln/detail/CVE-2007-1970","firefox","153.0.4","","1","0","0","1","2007A0000001970","sha256:c5a52758f08d4961c9a2c71f022732fa1f2c1f2236449a7c4042502498dab97a","component_expanded","no_component_match","1","0","1","0","0"
"CVE-2007-1397","https://nvd.nist.gov/vuln/detail/CVE-2007-1397","fish","4.7.1","","1","0","0","1","2007A0000001397","sha256:67b566349c15fb9721aef814ec2df36d3aad1432a5461b6a7c439067aca95cd5","component_expanded","no_component_match","1","0","1","0","0"
"CVE-2007-0896","https://nvd.nist.gov/vuln/detail/CVE-2007-0896","firefox","153.0.4","","1","0","0","1","2007A0000000896","sha256:28f0a13975fba78cf44ba89ee813f3f5f2890b9cec7ae232767fdd1cc54538ad","component_expanded","no_component_match","1","0","1","0","0"
"CVE-2003-1492","https://nvd.nist.gov/vuln/detail/CVE-2003-1492","firefox","153.0.4","","1","0","0","1","2003A0000001492","sha256:5bfa86564f63018900a5a40f962f5bb1121c1023ba0655c95cc4aa023d11d50b","component_expanded","no_component_match","1","0","1","0","0"
"CVE-2000-0006","https://nvd.nist.gov/vuln/detail/CVE-2000-0006","strace","7.1","","1","0","0","1","2000A0000000006","sha256:1fa0922993983291218d15c8e6a0c427cb8e7840271c952d43d3ce56be8b2174","component_expanded","no_component_match","1","0","1","0","0"
